Index,Class
0,8
1,7
2,10
3,7
4,5
5,6
6,13
7,12
8,9
9,11
10,4
11,6
12,4
13,8
14,9
15,5
16,7
17,4
18,6
19,11
20,12
21,11
22,7
23,6
24,14
25,7
26,16
27,10
28,14
29,10
30,10
31,11
32,2
33,8
34,7
35,11
36,16
37,10
38,12
39,10
40,10
41,8
42,3
43,7
44,9
45,7
46,7
47,10
48,10
49,8
50,11
51,10
52,9
53,8
54,4
55,10
56,8
57,11
58,4
59,12
60,8
61,8
62,13
63,11
64,5
65,4
66,6
67,18
68,3
69,9
70,13
71,12
72,12
73,10
74,10
75,11
76,9
77,4
78,9
79,5
80,13
81,10
82,6
83,7
84,8
85,2
86,2
87,15
88,9
89,16
90,13
91,9
92,10
93,8
94,11
95,10
96,5
97,4
98,12
99,10
100,9
101,15
102,4
103,8
104,6
105,9
106,12
107,8
108,7
109,10
110,3
111,8
112,4
113,11
114,9
115,6
116,8
117,9
118,12
119,9
120,3
121,1
122,1
123,10
124,7
125,16
126,5
127,10
128,2
129,10
130,3
131,8
132,13
133,11
134,10
135,10
136,13
137,10
138,2
139,5
140,5
141,3
142,12
143,16
144,11
145,2
146,12
147,13
148,18
149,13
150,10
151,8
152,3
153,10
154,10
155,2
156,9
157,2
158,7
159,10
160,8
161,4
162,5
163,8
164,12
165,11
166,3
167,4
168,11
169,5
170,2
171,14
172,12
173,7
174,9
175,15
176,8
177,10
178,9
179,7
180,8
181,9
182,10
183,4
184,7
185,9
186,3
187,10
188,10
189,15
190,10
191,9
192,6
193,9
194,10
195,4
196,11
197,17
198,8
199,5
200,14
201,7
202,13
203,18
204,7
205,11
206,15
207,9
208,9
209,7
210,0
211,7
212,3
213,3
214,14
215,13
216,6
217,4
218,4
219,8
220,12
221,7
222,10
223,15
224,10
225,4
226,16
227,1
228,13
229,11
230,15
231,4
232,13
233,10
234,0
235,8
236,8
237,12
238,2
239,0
240,0
241,9
242,7
243,5
244,13
245,17
246,12
247,3
248,12
249,11
250,12
251,9
252,6
253,4
254,6
255,9
256,4
257,7
258,14
259,6
260,9
261,1
262,9
263,10
264,9
265,1
266,14
267,13
268,13
269,8
270,9
271,2
272,10
273,3
274,10
275,12
276,4
277,2
278,5
279,9
280,14
281,9
282,0
283,12
284,10
285,8
286,7
287,11
288,8
289,1
290,3
291,11
292,9
293,13
294,12
295,11
296,9
297,8
298,7
299,17
300,9
301,5
302,6
303,10
304,4
305,14
306,8
307,9
308,5
309,17
310,10
311,10
312,9
313,16
314,11
315,14
316,7
317,10
318,8
319,8
320,4
321,3
322,5
323,10
324,13
325,9
326,14
327,12
328,6
329,9
330,2
331,12
332,3
333,11
334,10
335,9
336,12
337,9
338,11
339,6
340,10
341,11
342,10
343,9
344,15
345,8
346,6
347,13
348,8
349,10
350,9
351,13
352,10
353,14
354,5
355,6
356,8
357,3
358,12
359,14
360,9
361,11
362,1
363,15
364,1
365,3
366,10
367,7
368,3
369,14
370,9
371,10
372,10
373,5
374,9
375,5
376,5
377,12
378,6
379,9
380,8
381,2
382,3
383,15
384,7
385,0
386,9
387,11
388,12
389,14
390,9
391,13
392,11
393,11
394,11
395,5
396,4
397,3
398,7
399,5
400,16
401,6
402,15
403,9
404,12
405,4
406,14
407,9
408,12
409,3
410,5
411,15
412,2
413,10
414,1
415,12
416,7
417,11
418,6
419,7
420,7
421,12
422,9
423,8
424,7
425,15
426,8
427,10
428,5
429,13
430,8
431,0
432,11
433,7
434,6
435,9
436,15
437,3
438,3
439,12
440,8
441,7
442,13
443,10
444,17
445,9
446,10
447,3
448,10
449,6
450,3
451,6
452,12
453,9
454,15
455,16
456,10
457,11
458,5
459,2
460,5
461,13
462,13
463,10
464,9
465,4
466,9
467,10
468,16
469,10
470,10
471,6
472,6
473,10
474,5
475,13
476,9
477,7
478,17
479,9
480,13
481,6
482,6
483,10
484,16
485,8
486,8
487,10
488,9
489,12
490,9
491,2
492,17
493,11
494,8
495,13
496,7
497,12
498,10
499,9
500,8
501,12
502,9
503,8
504,8
505,12
506,8
507,17
508,10
509,4
510,12
511,9
512,7
513,6
514,8
515,9
516,10
517,9
518,12
519,5
520,9
521,11
522,5
523,2
524,10
525,2
526,4
527,11
528,3
529,3
530,11
531,4
532,6
533,8
534,10
535,16
536,11
537,15
538,9
539,12
540,1
541,10
542,12
543,1
544,11
545,4
546,9
547,5
548,6
549,10
550,3
551,10
552,13
553,1
554,8
555,9
556,3
557,8
558,10
559,15
560,7
561,12
562,7
563,9
564,9
565,7
566,4
567,5
568,11
569,5
570,5
571,10
572,10
573,7
574,10
575,9
576,11
577,12
578,10
579,11
580,12
581,7
582,12
583,7
584,13
585,6
586,12
587,9
588,10
589,13
590,1
591,11
592,8
593,16
594,9
595,8
596,9
597,12
598,16
599,3
600,10
601,8
602,11
603,13
604,11
605,6
606,2
607,14
608,1
609,17
610,7
611,14
612,5
613,2
614,3
615,10
616,9
617,6
618,11
619,13
620,5
621,8
622,8
623,16
624,4
625,7
626,8
627,8
628,8
629,7
630,5
631,10
632,9
633,10
634,8
635,7
636,6
637,10
638,12
639,9
640,8
641,3
642,9
643,4
644,7
645,6
646,12
647,12
648,15
649,5
650,12
651,10
652,2
653,6
654,6
655,8
656,6
657,11
658,0
659,7
660,8
661,8
662,13
663,10
664,12
665,13
666,7
667,4
668,11
669,5
670,10
671,8
672,5
673,9
674,6
675,9
676,3
677,7
678,6
679,13
680,9
681,9
682,9
683,14
684,8
685,13
686,12
687,1
688,10
689,1
690,10
691,9
692,11
693,11
694,2
695,9
696,6
697,14
698,17
699,12
700,10
701,9
702,17
703,7
704,5
705,9
706,8
707,3
708,10
709,6
710,0
711,5
712,15
713,10
714,11
715,11
716,8
717,11
718,9
719,5
720,14
721,3
722,13
723,2
724,15
725,10
726,12
727,3
728,2
729,13
730,2
731,8
732,7
733,13
734,10
735,12
736,7
737,8
738,11
739,5
740,2
741,16
742,6
743,3
744,10
745,7
746,8
747,8
748,1
749,14
750,9
751,7
752,13
753,14
754,16
755,7
756,10
757,8
758,6
759,9
760,6
761,9
762,7
763,8
764,8
765,9
766,5
767,13
768,3
769,10
770,11
771,7
772,2
773,11
774,14
775,7
776,15
777,11
778,12
779,6
780,13
781,9
782,8
783,11
784,4
785,7
786,12
787,7
788,4
789,13
790,17
791,6
792,9
793,7
794,9
795,8
796,9
797,16
798,5
799,10
800,9
801,4
802,13
803,10
804,14
805,9
806,11
807,13
808,6
809,9
810,5
811,9
812,6
813,13
814,14
815,6
816,12
817,3
818,7
819,13
820,8
821,11
822,10
823,12
824,5
825,7
826,10
827,12
828,6
829,9
830,12
831,10
832,9
833,16
834,9
835,7
836,10
837,3
838,9
839,8
840,12
841,16
842,9
843,2
844,7
845,9
846,7
847,16
848,2
849,7
850,12
851,14
852,10
853,9
854,5
855,11
856,4
857,3
858,2
859,10
860,7
861,5
862,13
863,10
864,12
865,9
866,14
867,16
868,12
869,7
870,4
871,12
872,13
873,8
874,16
875,9
876,9
877,3
878,15
879,10
880,3
881,11
882,2
883,5
884,4
885,2
886,7
887,12
888,10
889,2
890,14
891,7
892,7
893,9
894,14
895,11
896,15
897,10
898,16
899,10
900,13
901,9
902,8
903,7
904,15
905,10
906,11
907,14
908,12
909,9
910,11
911,8
912,9
913,4
914,9
915,10
916,12
917,15
918,6
919,13
920,8
921,10
922,13
923,7
924,2
925,8
926,12
927,3
928,7
929,10
930,3
931,10
932,9
933,2
934,3
935,11
936,4
937,9
938,11
939,2
940,8
941,11
942,6
943,9
944,2
945,10
946,9
947,10
948,5
949,9
950,3
951,8
952,16
953,15
954,11
955,16
956,9
957,9
958,9
959,6
960,5
961,6
962,15
963,13
964,11
965,9
966,9
967,9
968,12
969,15
970,1
971,5
972,9
973,10
974,7
975,11
976,9
977,15
978,10
979,10
980,11
981,8
982,7
983,0
984,10
985,5
986,13
987,11
988,14
989,10
990,15
991,6
992,2
993,10
994,8
995,6
996,13
997,6
998,7
999,8
1000,9
1001,10
1002,5
1003,10
1004,10
1005,5
1006,5
1007,4
1008,6
1009,9
1010,6
1011,14
1012,7
1013,12
1014,16
1015,4
1016,13
1017,12
1018,9
1019,6
1020,5
1021,3
1022,8
1023,12
1024,11
1025,10
1026,9
1027,9
1028,11
1029,4
1030,3
1031,8
1032,10
1033,6
1034,12
1035,9
1036,7
1037,7
1038,8
1039,3
1040,6
1041,16
1042,14
1043,11
1044,8
1045,7
1046,8
1047,12
1048,11
1049,2
1050,7
1051,12
1052,10
1053,1
1054,9
1055,10
1056,6
1057,9
1058,11
1059,9
1060,8
1061,4
1062,1
1063,12
1064,10
1065,2
1066,13
1067,1
1068,9
1069,13
1070,10
1071,5
1072,8
1073,2
1074,9
1075,8
1076,4
1077,9
1078,12
1079,5
1080,11
1081,11
1082,8
1083,10
1084,11
1085,12
1086,7
1087,1
1088,12
1089,9
1090,1
1091,4
1092,1
1093,13
1094,13
1095,12
1096,11
1097,10
1098,11
1099,10
1100,9
1101,11
1102,9
1103,11
1104,12
1105,10
1106,6
1107,10
1108,8
1109,9
1110,9
1111,4
1112,11
1113,16
1114,4
1115,3
1116,8
1117,6
1118,8
1119,8
1120,10
1121,2
1122,9
1123,5
1124,12
1125,7
1126,4
1127,4
1128,6
1129,9
1130,6
1131,15
1132,4
1133,5
1134,1
1135,6
1136,3
1137,16
1138,2
1139,7
1140,2
1141,7
1142,10
1143,3
1144,11
1145,11
1146,8
1147,9
1148,5
1149,10
1150,5
1151,10
1152,8
1153,16
1154,16
1155,11
1156,13
1157,8
1158,9
1159,2
1160,10
1161,7
1162,12
1163,12
1164,12
1165,14
1166,7
1167,6
1168,10
1169,10
1170,8
1171,16
1172,11
1173,9
1174,2
1175,15
1176,9
1177,11
1178,7
1179,5
1180,3
1181,6
1182,10
1183,9
1184,9
1185,4
1186,10
1187,12
1188,11
1189,13
1190,10
1191,6
1192,10
1193,8
1194,8
1195,5
1196,2
1197,13
1198,6
1199,9
1200,3
1201,13
1202,12
1203,4
1204,8
1205,8
1206,13
1207,12
1208,8
1209,13
1210,5
1211,9
1212,8
1213,9
1214,10
1215,8
1216,9
1217,6
1218,2
1219,11
1220,9
1221,13
1222,6
1223,15
1224,9
1225,6
1226,4
1227,6
1228,7
1229,11
1230,14
1231,12
1232,2
1233,5
1234,10
1235,9
1236,9
1237,8
1238,10
1239,11
1240,9
1241,9
1242,2
1243,9
1244,7
1245,1
1246,8
1247,7
1248,4
1249,3
1250,11
1251,6
1252,10
1253,9
1254,10
1255,9
1256,11
1257,9
1258,7
1259,7
1260,10
1261,0
1262,13
1263,10
1264,8
1265,9
1266,7
1267,15
1268,13
1269,10
1270,11
1271,6
1272,11
1273,9
1274,8
1275,8
1276,7
1277,14
1278,11
1279,9
1280,8
1281,14
1282,2
1283,5
1284,14
1285,0
1286,6
1287,7
1288,3
1289,8
1290,8
1291,13
1292,12
1293,13
1294,6
1295,10
1296,15
1297,10
1298,14
1299,16
1300,12
1301,4
1302,9
1303,6
1304,9
1305,1
1306,15
1307,2
1308,2
1309,12
1310,11
1311,9
1312,8
1313,9
1314,7
1315,1
1316,0
1317,8
1318,10
1319,12
1320,2
1321,8
1322,5
1323,12
1324,7
1325,16
1326,13
1327,15
1328,7
1329,1
1330,12
1331,14
1332,15
1333,6
1334,8
1335,11
1336,10
1337,9
1338,7
1339,11
1340,9
1341,6
1342,3
1343,7
1344,11
1345,10
1346,2
1347,6
1348,10
1349,2
1350,14
1351,10
1352,5
1353,4
1354,13
1355,1
1356,12
1357,14
1358,9
1359,13
1360,15
1361,14
1362,12
1363,7
1364,9
1365,8
1366,4
1367,10
1368,9
1369,8
1370,11
1371,4
1372,5
1373,5
1374,5
1375,14
1376,8
1377,3
1378,14
1379,9
1380,12
1381,10
1382,5
1383,8
1384,7
1385,4
1386,7
1387,3
1388,11
1389,4
1390,1
1391,9
1392,14
1393,10
1394,8
1395,15
1396,7
1397,16
1398,2
1399,7
1400,9
1401,7
1402,12
1403,12
1404,12
1405,7
1406,12
1407,15
1408,9
1409,10
1410,8
1411,3
1412,1
1413,8
1414,11
1415,5
1416,13
1417,17
1418,6
1419,4
1420,5
1421,1
1422,8
1423,7
1424,9
1425,11
1426,10
1427,11
1428,13
1429,6
1430,10
1431,1
1432,8
1433,14
1434,8
1435,11
1436,6
1437,8
1438,7
1439,1
1440,17
1441,9
1442,7
1443,7
1444,6
1445,4
1446,11
1447,10
1448,10
1449,3
1450,3
1451,9
1452,12
1453,3
1454,13
1455,2
1456,9
1457,8
1458,3
1459,15
1460,8
1461,11
1462,3
1463,5
1464,9
1465,6
1466,6
1467,13
1468,10
1469,14
1470,7
1471,12
1472,12
1473,12
1474,4
1475,9
1476,6
1477,8
1478,7
1479,12
1480,15
1481,8
1482,9
1483,9
1484,3
1485,7
1486,13
1487,12
1488,7
1489,12
1490,2
1491,10
1492,16
1493,17
1494,11
1495,5
1496,11
1497,5
1498,10
1499,9
1500,7
1501,12
1502,8
1503,9
1504,5
1505,8
1506,8
1507,8
1508,7
1509,0
1510,12
1511,4
1512,7
1513,11
1514,12
1515,13
1516,5
1517,4
1518,6
1519,11
1520,4
1521,9
1522,3
1523,15
1524,2
1525,5
1526,9
1527,6
1528,11
1529,10
1530,6
1531,14
1532,3
1533,9
1534,8
1535,11
1536,12
1537,0
1538,10
1539,9
1540,3
1541,15
1542,3
1543,11
1544,8
1545,13
1546,15
1547,8
1548,5
1549,8
1550,10
1551,1
1552,3
1553,7
1554,8
1555,17
1556,6
1557,4
1558,15
1559,9
1560,4
1561,16
1562,8
1563,4
1564,2
1565,4
1566,8
1567,8
1568,12
1569,3
1570,4
1571,9
1572,10
1573,18
1574,3
1575,9
1576,2
1577,5
1578,2
1579,5
1580,7
1581,5
1582,10
1583,8
1584,7
1585,12
1586,6
1587,12
1588,12
1589,11
1590,13
1591,5
1592,12
1593,14
1594,12
1595,7
1596,9
1597,1
1598,13
1599,4
1600,10
1601,6
1602,8
1603,2
1604,13
1605,2
1606,7
1607,3
1608,9
1609,3
1610,3
1611,1
1612,14
1613,9
1614,8
1615,10
1616,10
1617,4
1618,3
1619,12
1620,1
1621,9
1622,12
1623,4
1624,8
1625,2
1626,9
1627,9
1628,9
1629,7
1630,15
1631,2
1632,8
1633,5
1634,10
1635,7
1636,10
1637,14
1638,7
1639,4
1640,9
1641,12
1642,13
1643,8
1644,9
1645,8
1646,9
1647,8
1648,1
1649,10
1650,10
1651,10
1652,12
1653,13
1654,7
1655,6
1656,3
1657,11
1658,6
1659,8
1660,12
1661,10
1662,8
1663,12
1664,3
1665,6
1666,17
1667,16
1668,9
1669,13
1670,10
1671,6
1672,6
1673,4
1674,12
1675,12
1676,7
1677,16
1678,13
1679,3
1680,9
1681,8
1682,6
1683,9
1684,11
1685,7
1686,10
1687,11
1688,6
1689,4
1690,15
1691,9
1692,7
1693,17
1694,4
1695,8
1696,9
1697,8
1698,2
1699,13
1700,3
1701,7
1702,11
1703,9
1704,8
1705,8
1706,11
1707,5
1708,13
1709,6
1710,10
1711,15
1712,6
1713,10
1714,12
1715,5
1716,10
1717,15
1718,9
1719,12
1720,10
1721,7
1722,7
1723,14
1724,9
1725,9
1726,3
1727,5
1728,9
1729,14
1730,8
1731,12
1732,9
1733,8
1734,12
1735,10
1736,8
1737,7
1738,15
1739,1
1740,11
1741,2
1742,8
1743,11
1744,7
1745,8
1746,18
1747,11
1748,11
1749,7
1750,8
1751,0
1752,1
1753,11
1754,2
1755,10
1756,6
1757,11
1758,13
1759,4
1760,10
1761,13
1762,2
1763,3
1764,3
1765,15
1766,3
1767,3
1768,2
1769,10
1770,3
1771,6
1772,11
1773,9
1774,9
1775,9
1776,12
1777,4
1778,5
1779,8
1780,12
1781,7
1782,12
1783,8
1784,8
1785,4
1786,7
1787,11
1788,8
1789,8
1790,11
1791,0
1792,11
1793,11
1794,13
1795,10
1796,16
1797,4
1798,2
1799,8
1800,10
1801,13
1802,3
1803,10
1804,8
1805,12
1806,11
1807,7
1808,6
1809,8
1810,3
1811,4
1812,8
1813,8
1814,12
1815,5
1816,9
1817,12
1818,6
1819,10
1820,3
1821,15
1822,13
1823,8
1824,12
1825,12
1826,8
1827,12
1828,11
1829,10
1830,5
1831,7
1832,9
1833,3
1834,8
1835,2
1836,10
1837,12
1838,14
1839,16
1840,4
1841,4
1842,10
1843,10
1844,10
1845,8
1846,15
1847,10
1848,13
1849,5
1850,4
1851,12
1852,10
1853,9
1854,11
1855,10
1856,10
1857,2
1858,6
1859,7
1860,3
1861,12
1862,10
1863,5
1864,17
1865,10
1866,7
1867,10
1868,6
1869,6
1870,15
1871,4
1872,10
1873,6
1874,10
1875,14
1876,6
1877,6
1878,3
1879,8
1880,9
1881,9
1882,8
1883,12
1884,6
1885,10
1886,17
1887,4
1888,15
1889,3
1890,10
1891,10
1892,1
1893,9
1894,13
1895,12
1896,6
1897,10
1898,6
1899,5
1900,11
1901,4
1902,3
1903,12
1904,6
1905,6
1906,11
1907,15
1908,15
1909,8
1910,6
1911,8
1912,11
1913,15
1914,10
1915,16
1916,6
1917,10
1918,8
1919,6
1920,9
1921,11
1922,13
1923,1
1924,7
1925,7
1926,3
1927,11
1928,11
1929,5
1930,13
1931,9
1932,15
1933,14
1934,1
1935,9
1936,9
1937,7
1938,10
1939,12
1940,9
1941,11
1942,13
1943,15
1944,8
1945,10
1946,3
1947,13
1948,12
1949,12
1950,7
1951,16
1952,9
1953,4
1954,10
1955,13
1956,12
1957,7
1958,6
1959,11
1960,8
1961,10
1962,9
1963,9
1964,11
1965,12
1966,14
1967,10
1968,12
1969,9
1970,5
1971,12
1972,9
1973,12
1974,5
1975,4
1976,7
1977,8
1978,8
1979,13
1980,6
1981,8
1982,8
1983,8
1984,11
1985,14
1986,8
1987,9
1988,11
1989,12
1990,11
1991,16
1992,8
1993,11
1994,12
1995,3
1996,3
1997,5
1998,7
1999,8
2000,14
2001,11
2002,8
2003,12
2004,10
2005,9
2006,11
2007,13
2008,16
2009,9
2010,9
2011,8
2012,11
2013,2
2014,10
2015,15
2016,1
2017,14
2018,14
2019,17
2020,1
2021,13
2022,1
2023,5
2024,1
2025,9
2026,7
2027,12
2028,9
2029,12
2030,8
2031,9
2032,11
2033,10
2034,5
2035,10
2036,12
2037,6
2038,12
2039,6
2040,10
2041,7
2042,7
2043,2
2044,11
2045,9
2046,5
2047,4
2048,9
2049,9
2050,13
2051,6
2052,16
2053,15
2054,9
2055,8
2056,9
2057,7
2058,9
2059,10
2060,3
2061,1
2062,3
2063,3
2064,8
2065,6
2066,9
2067,3
2068,12
2069,8
2070,10
2071,11
2072,4
2073,11
2074,9
2075,12
2076,10
2077,9
2078,1
2079,10
2080,10
2081,10
2082,8
2083,4
2084,9
2085,9
2086,8
2087,1
2088,10
2089,11
2090,11
2091,6
2092,6
2093,11
2094,7
2095,10
2096,5
2097,11
2098,9
2099,10
2100,9
2101,6
2102,6
2103,6
2104,12
2105,12
2106,6
2107,11
2108,1
2109,8
2110,5
2111,6
2112,9
2113,11
2114,3
2115,4
2116,11
2117,5
2118,5
2119,1
2120,9
2121,16
2122,5
2123,5
2124,12
2125,15
2126,2
2127,2
2128,9
2129,9
2130,6
2131,11
2132,7
2133,9
2134,14
2135,15
2136,5
2137,11
2138,11
2139,4
2140,13
2141,10
2142,14
2143,6
2144,1
2145,8
2146,13
2147,10
2148,9
2149,5
2150,13
2151,9
2152,3
2153,10
2154,6
2155,10
2156,3
2157,7
2158,13
2159,8
2160,16
2161,7
2162,7
2163,4
2164,9
2165,7
2166,10
2167,15
2168,0
2169,3
2170,14
2171,13
2172,7
2173,5
2174,13
2175,10
2176,11
2177,12
2178,7
2179,11
2180,13
2181,16
2182,8
2183,8
2184,8
2185,11
2186,8
2187,3
2188,6
2189,1
2190,12
2191,12
2192,10
2193,7
2194,14
2195,9
2196,12
2197,4
2198,9
2199,11
2200,8
2201,9
2202,10
2203,7
2204,9
2205,6
2206,12
2207,3
2208,8
2209,8
2210,3
2211,11
2212,4
2213,16
2214,8
2215,12
2216,13
2217,9
2218,10
2219,11
2220,14
2221,7
2222,5
2223,5
2224,14
2225,15
2226,2
2227,3
2228,8
2229,6
2230,12
2231,10
2232,10
2233,8
2234,11
2235,5
2236,13
2237,0
2238,6
2239,10
2240,1
2241,12
2242,6
2243,7
2244,14
2245,12
2246,6
2247,13
2248,8
2249,13
2250,6
2251,9
2252,11
2253,12
2254,12
2255,17
2256,5
2257,9
2258,17
2259,9
2260,9
2261,6
2262,7
2263,12
2264,9
2265,13
2266,9
2267,13
2268,7
2269,1
2270,11
2271,10
2272,8
2273,4
2274,16
2275,9
2276,9
2277,11
2278,12
2279,5
2280,11
2281,13
2282,8
2283,12
2284,13
2285,12
2286,12
2287,1
2288,18
2289,9
2290,9
2291,3
2292,2
2293,11
2294,3
2295,11
2296,9
2297,4
2298,8
2299,4
2300,9
2301,2
2302,8
2303,8
2304,11
2305,9
2306,17
2307,5
2308,16
2309,10
2310,17
2311,5
2312,6
2313,6
2314,13
2315,8
2316,12
2317,10
2318,12
2319,9
2320,5
2321,12
2322,11
2323,16
2324,12
2325,6
2326,14
2327,13
2328,15
2329,7
2330,2
2331,6
2332,7
2333,9
2334,12
2335,7
2336,6
2337,10
2338,8
2339,10
2340,9
2341,9
2342,6
2343,9
2344,14
2345,10
2346,11
2347,5
2348,4
2349,4
2350,4
2351,16
2352,7
2353,12
2354,3
2355,8
2356,7
2357,14
2358,9
2359,11
2360,12
2361,12
2362,10
2363,3
2364,9
2365,9
2366,11
2367,12
2368,7
2369,8
2370,4
2371,15
2372,6
2373,5
2374,5
2375,6
2376,9
2377,13
2378,15
2379,13
2380,11
2381,6
2382,8
2383,9
2384,8
2385,14
2386,14
2387,6
2388,7
2389,2
2390,18
2391,10
2392,12
2393,7
2394,8
2395,6
2396,10
2397,4
2398,12
2399,12
2400,10
2401,10
2402,12
2403,4
2404,13
2405,11
2406,9
2407,11
2408,12
2409,4
2410,13
2411,5
2412,16
2413,9
2414,4
2415,7
2416,11
2417,7
2418,17
2419,7
2420,12
2421,13
2422,1
2423,16
2424,5
2425,10
2426,9
2427,2
2428,10
2429,15
2430,6
2431,7
2432,12
2433,11
2434,16
2435,4
2436,7
2437,3
2438,9
2439,8
2440,1
2441,9
2442,9
2443,5
2444,4
2445,10
2446,8
2447,5
2448,9
2449,16
2450,8
2451,3
2452,6
2453,11
2454,11
2455,12
2456,1
2457,9
2458,5
2459,14
2460,1
2461,6
2462,6
2463,12
2464,16
2465,11
2466,5
2467,13
2468,12
2469,8
2470,12
2471,5
2472,0
2473,3
2474,10
2475,14
2476,9
2477,12
2478,2
2479,4
2480,8
2481,2
2482,4
2483,7
2484,12
2485,6
2486,9
2487,2
2488,7
2489,17
2490,6
2491,13
2492,9
2493,8
2494,9
2495,9
2496,1
2497,4
2498,5
2499,6
2500,3
2501,7
2502,8
2503,10
2504,7
2505,9
2506,12
2507,8
2508,9
2509,16
2510,2
2511,8
2512,10
2513,6
2514,6
2515,8
2516,4
2517,6
2518,11
2519,10
2520,9
2521,3
2522,14
2523,5
2524,2
2525,3
2526,14
2527,1
2528,8
2529,12
2530,1
2531,5
2532,12
2533,15
2534,13
2535,7
2536,11
2537,4
2538,4
2539,11
2540,10
2541,15
2542,17
2543,13
2544,5
2545,10
2546,9
2547,9
2548,2
2549,8
2550,6
2551,3
2552,15
2553,8
2554,10
2555,3
2556,12
2557,8
2558,11
2559,8
2560,11
2561,2
2562,10
2563,13
2564,11
2565,9
2566,2
2567,17
2568,5
2569,2
2570,8
2571,10
2572,3
2573,6
2574,9
2575,3
2576,5
2577,10
2578,1
2579,4
2580,12
2581,8
2582,12
2583,13
2584,9
2585,11
2586,12
2587,5
2588,10
2589,12
2590,9
2591,17
2592,8
2593,10
2594,14
2595,6
2596,10
2597,10
2598,10
2599,12
2600,11
2601,13
2602,4
2603,2
2604,5
2605,12
2606,5
2607,7
2608,5
2609,7
2610,4
2611,9
2612,4
2613,10
2614,10
2615,13
2616,11
2617,11
2618,5
2619,8
2620,3
2621,7
2622,11
2623,13
2624,9
2625,11
2626,14
2627,13
2628,14
2629,12
2630,1
2631,8
2632,10
2633,13
2634,6
2635,7
2636,11
2637,6
2638,12
2639,7
2640,9
2641,6
2642,2
2643,8
2644,16
2645,8
2646,8
2647,8
2648,6
2649,10
2650,8
2651,5
2652,5
2653,7
2654,11
2655,8
2656,10
2657,9
2658,8
2659,4
2660,6
2661,11
2662,12
2663,9
2664,7
2665,5
2666,7
2667,9
2668,14
2669,13
2670,11
2671,5
2672,6
2673,8
2674,8
2675,14
2676,9
2677,8
2678,13
2679,8
2680,13
2681,9
2682,13
2683,11
2684,12
2685,5
2686,6
2687,13
2688,15
2689,4
2690,7
2691,8
2692,10
2693,13
2694,11
2695,16
2696,4
2697,10
2698,6
2699,3
2700,6
2701,10
2702,7
2703,8
2704,3
2705,13
2706,10
2707,15
2708,9
2709,12
2710,13
2711,12
2712,8
2713,9
2714,9
2715,10
2716,6
2717,14
2718,2
2719,2
2720,4
2721,14
2722,13
2723,7
2724,18
2725,8
2726,8
2727,6
2728,11
2729,7
2730,7
2731,5
2732,8
2733,8
2734,8
2735,8
2736,12
2737,5
2738,10
2739,8
2740,6
2741,13
2742,2
2743,10
2744,5
2745,16
2746,16
2747,5
2748,4
2749,11
2750,10
2751,8
2752,5
2753,13
2754,17
2755,12
2756,2
2757,8
2758,3
2759,9
2760,6
2761,8
2762,4
2763,10
2764,0
2765,9
2766,11
2767,1
2768,9
2769,3
2770,14
2771,8
2772,10
2773,15
2774,9
2775,8
2776,11
2777,9
2778,11
2779,6
2780,12
2781,5
2782,9
2783,6
2784,10
2785,9
2786,9
2787,10
2788,14
2789,9
2790,9
2791,14
2792,6
2793,8
2794,13
2795,3
2796,15
2797,6
2798,9
2799,7
2800,15
2801,16
2802,1
2803,5
2804,4
2805,8
2806,10
2807,10
2808,0
2809,7
2810,7
2811,2
2812,17
2813,10
2814,9
2815,3
2816,5
2817,12
2818,18
2819,12
2820,6
2821,13
2822,10
2823,0
2824,8
2825,15
2826,16
2827,14
2828,4
2829,8
2830,13
2831,11
2832,3
2833,13
2834,7
2835,10
2836,9
2837,9
2838,10
2839,9
2840,2
2841,6
2842,7
2843,6
2844,0
2845,9
2846,14
2847,4
2848,10
2849,16
2850,9
2851,12
2852,6
2853,15
2854,6
2855,11
2856,8
2857,6
2858,8
2859,4
2860,7
2861,3
2862,5
2863,7
2864,6
2865,13
2866,11
2867,7
2868,12
2869,12
2870,12
2871,12
2872,8
2873,9
2874,8
2875,7
2876,9
2877,9
2878,7
2879,10
2880,5
2881,11
2882,7
2883,11
2884,4
2885,10
2886,8
2887,10
2888,14
2889,10
2890,9
2891,8
2892,13
2893,7
2894,13
2895,8
2896,16
2897,14
2898,5
2899,2
2900,12
2901,11
2902,12
2903,17
2904,11
2905,14
2906,10
2907,8
2908,12
2909,11
2910,10
2911,14
2912,8
2913,6
2914,6
2915,10
2916,7
2917,10
2918,9
2919,4
2920,8
2921,15
2922,13
2923,13
2924,4
2925,5
2926,10
2927,14
2928,7
2929,12
2930,10
2931,9
2932,12
2933,10
2934,8
2935,7
2936,5
2937,17
2938,6
2939,13
2940,5
2941,16
2942,6
2943,10
2944,5
2945,8
2946,11
2947,12
2948,4
2949,7
2950,8
2951,11
2952,7
2953,10
2954,11
2955,12
2956,15
2957,15
2958,11
2959,7
2960,9
2961,7
2962,11
2963,3
2964,7
2965,4
2966,10
2967,5
2968,11
2969,3
2970,11
2971,15
2972,7
2973,6
2974,5
2975,10
2976,7
2977,8
2978,7
2979,13
2980,4
2981,9
2982,9
2983,9
2984,11
2985,8
2986,7
2987,3
2988,3
2989,13
2990,17
2991,11
2992,0
2993,3
2994,14
2995,7
2996,8
2997,0
2998,13
2999,9
3000,13
3001,10
3002,6
3003,9
3004,9
3005,11
3006,10
3007,14
3008,9
3009,5
3010,10
3011,16
3012,5
3013,16
3014,5
3015,8
3016,9
3017,13
3018,18
3019,14
3020,5
3021,5
3022,7
3023,8
3024,11
3025,6
3026,8
3027,2
3028,14
3029,17
3030,10
3031,9
3032,10
3033,10
3034,9
3035,6
3036,15
3037,18
3038,6
3039,10
3040,14
3041,7
3042,9
3043,5
3044,11
3045,4
3046,3
3047,3
3048,3
3049,4
3050,8
3051,3
3052,11
3053,15
3054,6
3055,7
3056,6
3057,11
3058,10
3059,8
3060,13
3061,12
3062,8
3063,9
3064,15
3065,4
3066,8
3067,5
3068,11
3069,11
3070,8
3071,13
3072,7
3073,10
3074,5
3075,3
3076,4
3077,4
3078,15
3079,7
3080,10
3081,6
3082,4
3083,6
3084,14
3085,4
3086,18
3087,8
3088,2
3089,10
3090,11
3091,2
3092,13
3093,9
3094,11
3095,3
3096,6
3097,8
3098,8
3099,13
3100,1
3101,8
3102,8
3103,13
3104,11
3105,10
3106,16
3107,4
3108,8
3109,15
3110,0
3111,10
3112,15
3113,3
3114,12
3115,11
3116,3
3117,15
3118,15
3119,9
3120,1
3121,4
3122,7
3123,8
3124,8
3125,9
3126,3
3127,6
3128,9
3129,9
3130,14
3131,9
3132,13
3133,5
3134,4
3135,6
3136,7
3137,2
3138,14
3139,3
3140,9
3141,13
3142,6
3143,8
3144,12
3145,2
3146,7
3147,5
3148,12
3149,12
3150,5
3151,9
3152,12
3153,9
3154,10
3155,10
3156,10
3157,16
3158,2
3159,8
3160,10
3161,6
3162,8
3163,12
3164,5
3165,3
3166,9
3167,13
3168,6
3169,10
3170,8
3171,11
3172,9
3173,10
3174,11
3175,3
3176,14
3177,8
3178,10
3179,12
3180,11
3181,12
3182,10
3183,8
3184,9
3185,4
3186,10
3187,8
3188,14
3189,16
3190,8
3191,7
3192,12
3193,8
3194,2
3195,3
3196,6
3197,6
3198,8
3199,1
3200,16
3201,9
3202,10
3203,8
3204,4
3205,9
3206,6
3207,6
3208,5
3209,10
3210,6
3211,13
3212,12
3213,6
3214,9
3215,15
3216,5
3217,9
3218,9
3219,6
3220,9
3221,8
3222,8
3223,7
3224,17
3225,6
3226,0
3227,10
3228,5
3229,8
3230,13
3231,12
3232,3
3233,8
3234,13
3235,6
3236,9
3237,15
3238,9
3239,9
3240,11
3241,13
3242,16
3243,11
3244,7
3245,6
3246,13
3247,12
3248,11
3249,2
3250,1
3251,5
3252,6
3253,11
3254,7
3255,8
3256,6
3257,10
3258,12
3259,10
3260,2
3261,6
3262,9
3263,13
3264,15
3265,8
3266,17
3267,2
3268,4
3269,9
3270,7
3271,11
3272,4
3273,9
3274,4
3275,5
3276,8
3277,9
3278,9
3279,12
3280,15
3281,2
3282,10
3283,6
3284,5
3285,11
3286,2
3287,8
3288,8
3289,11
3290,9
3291,6
3292,15
3293,13
3294,6
3295,15
3296,10
3297,5
3298,15
3299,11
3300,3
3301,3
3302,4
3303,12
3304,8
3305,13
3306,11
3307,8
3308,10
3309,16
3310,13
3311,11
3312,1
3313,8
3314,4
3315,3
3316,1
3317,4
3318,17
3319,15
3320,7
3321,5
3322,11
3323,10
3324,13
3325,2
3326,12
3327,6
3328,9
3329,0
3330,11
3331,11
3332,9
3333,16
3334,15
3335,14
3336,12
3337,11
3338,6
3339,9
3340,5
3341,16
3342,2
3343,5
3344,8
3345,11
3346,15
3347,4
3348,10
3349,11
3350,13
3351,3
3352,8
3353,10
3354,9
3355,0
3356,12
3357,7
3358,8
3359,1
3360,7
3361,10
3362,12
3363,7
3364,10
3365,17
3366,5
3367,8
3368,12
3369,8
3370,2
3371,7
3372,11
3373,9
3374,10
3375,6
3376,3
3377,4
3378,16
3379,5
3380,6
3381,13
3382,12
3383,11
3384,11
3385,10
3386,16
3387,17
3388,4
3389,11
3390,5
3391,7
3392,7
3393,9
3394,16
3395,12
3396,6
3397,9
3398,8
3399,3
3400,9
3401,1
3402,14
3403,10
3404,14
3405,9
3406,8
3407,7
3408,8
3409,6
3410,9
3411,10
3412,6
3413,17
3414,11
3415,9
3416,13
3417,13
3418,15
3419,6
3420,5
3421,5
3422,13
3423,13
3424,12
3425,6
3426,8
3427,4
3428,4
3429,9
3430,11
3431,16
3432,12
3433,8
3434,7
3435,6
3436,5
3437,11
3438,13
3439,9
3440,5
3441,12
3442,15
3443,6
3444,8
3445,9
3446,4
3447,7
3448,9
3449,10
3450,14
3451,11
3452,16
3453,17
3454,13
3455,15
3456,13
3457,10
3458,10
3459,7
3460,9
3461,1
3462,12
3463,10
3464,11
3465,8
3466,10
3467,12
3468,5
3469,12
3470,2
3471,12
3472,1
3473,9
3474,9
3475,12
3476,2
3477,10
3478,8
3479,1
3480,8
3481,2
3482,8
3483,9
3484,9
3485,7
3486,3
3487,13
3488,10
3489,8
3490,15
3491,7
3492,7
3493,15
3494,10
3495,4
3496,8
3497,3
3498,10
3499,13
3500,2
3501,9
3502,9
3503,11
3504,9
3505,1
3506,9
3507,9
3508,10
3509,11
3510,7
3511,8
3512,9
3513,5
3514,9
3515,18
3516,11
3517,12
3518,5
3519,10
3520,5
3521,3
3522,8
3523,17
3524,16
3525,12
3526,3
3527,9
3528,6
3529,9
3530,12
3531,12
3532,6
3533,8
3534,5
3535,11
3536,9
3537,6
3538,9
3539,14
3540,3
3541,12
3542,10
3543,6
3544,16
3545,10
3546,0
3547,10
3548,10
3549,10
3550,8
3551,7
3552,11
3553,10
3554,6
3555,9
3556,17
3557,11
3558,13
3559,6
3560,10
3561,12
3562,1
3563,8
3564,8
3565,7
3566,7
3567,9
3568,15
3569,11
3570,14
3571,10
3572,12
3573,12
3574,8
3575,11
3576,10
3577,12
3578,3
3579,5
3580,15
3581,6
3582,9
3583,14
3584,7
3585,7
3586,3
3587,8
3588,4
3589,6
3590,16
3591,9
3592,7
3593,6
3594,5
3595,8
3596,8
3597,9
3598,9
3599,8
3600,10
3601,11
3602,12
3603,10
3604,16
3605,15
3606,5
3607,9
3608,2
3609,8
3610,6
3611,10
3612,7
3613,3
3614,4
3615,3
3616,9
3617,15
3618,2
3619,14
3620,6
3621,7
3622,10
3623,10
3624,12
3625,12
3626,16
3627,11
3628,8
3629,1
3630,10
3631,13
3632,11
3633,16
3634,9
3635,9
3636,9
3637,10
3638,3
3639,4
3640,5
3641,11
3642,9
3643,11
3644,6
3645,6
3646,9
3647,10
3648,14
3649,16
3650,9
3651,8
3652,11
3653,9
3654,1
3655,8
3656,9
3657,12
3658,3
3659,9
3660,7
3661,10
3662,14
3663,5
3664,10
3665,11
3666,11
3667,10
3668,8
3669,3
3670,2
3671,5
3672,2
3673,9
3674,7
3675,8
3676,2
3677,2
3678,6
3679,11
3680,15
3681,12
3682,4
3683,11
3684,10
3685,9
3686,7
3687,7
3688,9
3689,10
3690,16
3691,10
3692,10
3693,4
3694,10
3695,9
3696,11
3697,11
3698,14
3699,8
3700,9
3701,11
3702,8
3703,8
3704,9
3705,5
3706,9
3707,12
3708,11
3709,11
3710,9
3711,2
3712,9
3713,5
3714,4
3715,9
3716,4
3717,7
3718,9
3719,6
3720,4
3721,2
3722,1
3723,13
3724,9
3725,8
3726,7
3727,5
3728,4
3729,14
3730,9
3731,12
3732,16
3733,10
3734,10
3735,12
3736,10
3737,12
3738,9
3739,12
3740,3
3741,5
3742,6
3743,5
3744,8
3745,5
3746,1
3747,10
3748,7
3749,11
3750,12
3751,9
3752,8
3753,15
3754,14
3755,12
3756,10
3757,13
3758,13
3759,6
3760,2
3761,5
3762,10
3763,11
3764,3
3765,4
3766,12
3767,1
3768,12
3769,3
3770,9
3771,11
3772,10
3773,10
3774,10
3775,1
3776,13
3777,3
3778,11
3779,3
3780,10
3781,7
3782,12
3783,10
3784,16
3785,11
3786,8
3787,12
3788,3
3789,11
3790,11
3791,10
3792,9
3793,12
3794,1
3795,9
3796,5
3797,2
3798,9
3799,12
3800,8
3801,0
3802,9
3803,6
3804,1
3805,1
3806,2
3807,6
3808,1
3809,8
3810,8
3811,14
3812,7
3813,8
3814,15
3815,7
3816,11
3817,12
3818,8
3819,8
3820,1
3821,12
3822,18
3823,11
3824,12
3825,16
3826,5
3827,14
3828,11
3829,10
3830,5
3831,8
3832,4
3833,13
3834,3
3835,10
3836,10
3837,12
3838,7
3839,8
3840,7
3841,4
3842,15
3843,3
3844,13
3845,14
3846,5
3847,13
3848,1
3849,9
3850,4
3851,9
3852,17
3853,13
3854,7
3855,1
3856,12
3857,10
3858,8
3859,8
3860,13
3861,8
3862,9
3863,13
3864,3
3865,8
3866,5
3867,6
3868,7
3869,9
3870,8
3871,4
3872,10
3873,6
3874,7
3875,9
3876,13
3877,15
3878,8
3879,6
3880,11
3881,4
3882,15
3883,14
3884,6
3885,12
3886,6
3887,9
3888,10
3889,12
3890,9
3891,5
3892,8
3893,10
3894,10
3895,16
3896,3
3897,9
3898,4
3899,3
3900,9
3901,5
3902,12
3903,12
3904,10
3905,12
3906,4
3907,9
3908,10
3909,6
3910,10
3911,9
3912,10
3913,1
3914,15
3915,13
3916,12
3917,8
3918,16
3919,11
3920,9
3921,10
3922,6
3923,9
3924,9
3925,6
3926,8
3927,12
3928,11
3929,10
3930,13
3931,10
3932,16
3933,10
3934,1
3935,12
3936,9
3937,12
3938,7
3939,10
3940,10
3941,11
3942,13
3943,5
3944,4
3945,7
3946,11
3947,14
3948,10
3949,3
3950,10
3951,11
3952,11
3953,7
3954,12
3955,10
3956,6
3957,12
3958,9
3959,9
3960,3
3961,9
3962,1
3963,12
3964,12
3965,11
3966,13
3967,16
3968,8
3969,9
3970,9
3971,10
3972,6
3973,11
3974,10
3975,10
3976,13
3977,11
3978,5
3979,4
3980,10
3981,2
3982,3
3983,16
3984,10
3985,9
3986,6
3987,15
3988,13
3989,10
3990,11
3991,6
3992,12
3993,5
3994,9
3995,4
3996,9
3997,15
3998,18
3999,9
4000,13
4001,5
4002,2
4003,1
4004,2
4005,11
4006,5
4007,7
4008,9
4009,5
4010,11
4011,9
4012,2
4013,11
4014,6
4015,10
4016,13
4017,15
4018,8
4019,8
4020,4
4021,8
4022,12
4023,7
4024,15
4025,6
4026,4
4027,10
4028,16
4029,5
4030,5
4031,16
4032,3
4033,10
4034,11
4035,8
4036,3
4037,4
4038,10
4039,14
4040,11
4041,9
4042,10
4043,12
4044,6
4045,11
4046,10
4047,10
4048,9
4049,9
4050,11
4051,10
4052,10
4053,12
4054,6
4055,7
4056,4
4057,1
4058,9
4059,1
4060,7
4061,4
4062,9
4063,5
4064,15
4065,7
4066,16
4067,16
4068,9
4069,6
4070,7
4071,7
4072,6
4073,11
4074,6
4075,8
4076,10
4077,7
4078,2
4079,5
4080,12
4081,11
4082,15
4083,11
4084,5
4085,4
4086,10
4087,8
4088,15
4089,5
4090,16
4091,11
4092,13
4093,5
4094,3
4095,17
4096,3
4097,9
4098,11
4099,10
4100,6
4101,14
4102,2
4103,8
4104,18
4105,7
4106,3
4107,12
4108,2
4109,9
4110,2
4111,14
4112,4
4113,4
4114,12
4115,4
4116,4
4117,5
4118,9
4119,8
4120,9
4121,9
4122,8
4123,13
4124,10
4125,11
4126,4
4127,13
4128,13
4129,13
4130,3
4131,4
4132,8
4133,11
4134,3
4135,16
4136,8
4137,3
4138,15
4139,11
4140,8
4141,0
4142,11
4143,12
4144,12
4145,7
4146,4
4147,11
4148,8
4149,4
4150,9
4151,6
4152,5
4153,8
4154,6
4155,3
4156,5
4157,8
4158,6
4159,10
4160,6
4161,7
4162,10
4163,9
4164,14
4165,3
4166,15
4167,11
4168,10
4169,9
4170,9
4171,13
4172,10
4173,1
4174,14
4175,12
4176,11
4177,1
4178,7
4179,18
4180,8
4181,6
4182,9
4183,5
4184,7
4185,11
4186,8
4187,11
4188,16
4189,5
4190,3
4191,9
4192,9
4193,2
4194,7
4195,5
4196,4
4197,0
4198,16
4199,13
4200,2
4201,3
4202,8
4203,9
4204,8
4205,8
4206,1
4207,10
4208,8
4209,8
4210,12
4211,11
4212,12
4213,11
4214,3
4215,12
4216,15
4217,11
4218,8
4219,11
4220,4
4221,10
4222,9
4223,16
4224,6
4225,8
4226,9
4227,10
4228,11
4229,8
4230,6
4231,14
4232,4
4233,10
4234,5
4235,16
4236,12
4237,13
4238,8
4239,5
4240,7
4241,7
4242,11
4243,8
4244,5
4245,13
4246,14
4247,10
4248,12
4249,7
4250,12
4251,6
4252,7
4253,12
4254,8
4255,13
4256,9
4257,5
4258,11
4259,10
4260,5
4261,3
4262,13
4263,6
4264,4
4265,11
4266,8
4267,9
4268,2
4269,9
4270,10
4271,9
4272,3
4273,0
4274,11
4275,10
4276,9
4277,10
4278,10
4279,2
4280,7
4281,9
4282,8
4283,10
4284,16
4285,13
4286,16
4287,8
4288,2
4289,12
4290,13
4291,11
4292,9
4293,15
4294,14
4295,9
4296,10
4297,6
4298,6
4299,8
4300,7
4301,9
4302,11
4303,10
4304,15
4305,9
4306,6
4307,8
4308,8
4309,7
4310,6
4311,9
4312,3
4313,4
4314,10
4315,6
4316,1
4317,14
4318,3
4319,8
4320,6
4321,7
4322,12
4323,9
4324,7
4325,8
4326,12
4327,13
4328,11
4329,13
4330,7
4331,17
4332,9
4333,14
4334,4
4335,7
4336,16
4337,2
4338,12
4339,10
4340,16
4341,1
4342,6
4343,15
4344,6
4345,10
4346,9
4347,12
4348,7
4349,8
4350,15
4351,13
4352,2
4353,11
4354,12
4355,10
4356,11
4357,10
4358,8
4359,10
4360,7
4361,16
4362,9
4363,10
4364,14
4365,11
4366,5
4367,13
4368,5
4369,13
4370,12
4371,12
4372,9
4373,0
4374,6
4375,8
4376,7
4377,10
4378,7
4379,7
4380,11
4381,9
4382,12
4383,5
4384,12
4385,0
4386,9
4387,7
4388,7
4389,4
4390,8
4391,3
4392,4
4393,2
4394,3
4395,11
4396,1
4397,9
4398,8
4399,4
4400,5
4401,10
4402,10
4403,9
4404,11
4405,11
4406,18
4407,15
4408,8
4409,9
4410,2
4411,14
4412,4
4413,2
4414,5
4415,6
4416,4
4417,3
4418,9
4419,7
4420,7
4421,11
4422,10
4423,5
4424,8
4425,8
4426,13
4427,9
4428,9
4429,7
4430,13
4431,12
4432,5
4433,12
4434,7
4435,2
4436,7
4437,6
4438,12
4439,9
4440,7
4441,1
4442,11
4443,6
4444,10
4445,12
4446,8
4447,12
4448,3
4449,10
4450,9
4451,4
4452,12
4453,11
4454,7
4455,2
4456,7
4457,12
4458,18
4459,15
4460,12
4461,3
4462,9
4463,12
4464,12
4465,4
4466,11
4467,3
4468,6
4469,10
4470,4
4471,9
4472,4
4473,10
4474,8
4475,2
4476,14
4477,12
4478,9
4479,10
4480,6
4481,3
4482,5
4483,8
4484,6
4485,1
4486,10
4487,12
4488,2
4489,7
4490,12
4491,11
4492,11
4493,9
4494,12
4495,9
4496,6
4497,1
4498,10
4499,8
4500,5
4501,7
4502,13
4503,9
4504,4
4505,8
4506,4
4507,9
4508,5
4509,6
4510,5
4511,12
4512,13
4513,15
4514,6
4515,10
4516,9
4517,9
4518,4
4519,5
4520,7
4521,7
4522,8
4523,12
4524,13
4525,7
4526,11
4527,13
4528,8
4529,15
4530,10
4531,12
4532,16
4533,1
4534,11
4535,3
4536,9
4537,10
4538,2
4539,9
4540,5
4541,10
4542,3
4543,13
4544,10
4545,10
4546,7
4547,7
4548,8
4549,5
4550,15
4551,7
4552,0
4553,2
4554,8
4555,11
4556,7
4557,6
4558,11
4559,5
4560,13
4561,7
4562,7
4563,11
4564,1
4565,14
4566,5
4567,11
4568,7
4569,1
4570,9
4571,7
4572,11
4573,6
4574,8
4575,12
4576,4
4577,10
4578,5
4579,16
4580,11
4581,6
4582,15
4583,8
4584,10
4585,10
4586,3
4587,6
4588,7
4589,13
4590,9
4591,9
4592,11
4593,7
4594,12
4595,10
4596,6
4597,17
4598,11
4599,7
4600,5
4601,11
4602,6
4603,12
4604,9
4605,9
4606,10
4607,8
4608,5
4609,12
4610,10
4611,7
4612,5
4613,5
4614,9
4615,7
4616,6
4617,10
4618,13
4619,9
4620,8
4621,6
4622,11
4623,10
4624,13
4625,7
4626,3
4627,1
4628,5
4629,12
4630,13
4631,8
4632,15
4633,11
4634,8
4635,2
4636,7
4637,8
4638,10
4639,8
4640,8
4641,8
4642,7
4643,12
4644,5
4645,4
4646,9
4647,7
4648,12
4649,9
4650,2
4651,13
4652,11
4653,16
4654,1
4655,2
4656,10
4657,14
4658,10
4659,5
4660,15
4661,10
4662,15
4663,15
4664,2
4665,2
4666,12
4667,7
4668,5
4669,10
4670,8
4671,13
4672,5
4673,11
4674,10
4675,11
4676,10
4677,3
4678,10
4679,4
4680,9
4681,6
4682,10
4683,11
4684,15
4685,13
4686,10
4687,4
4688,4
4689,8
4690,8
4691,12
4692,10
4693,6
4694,4
4695,10
4696,8
4697,6
4698,4
4699,11
4700,10
4701,15
4702,3
4703,12
4704,13
4705,3
4706,8
4707,15
4708,9
4709,8
4710,12
4711,14
4712,1
4713,5
4714,9
4715,11
4716,9
4717,11
4718,8
4719,12
4720,8
4721,13
4722,14
4723,8
4724,15
4725,6
4726,12
4727,10
4728,13
4729,5
4730,6
4731,10
4732,5
4733,7
4734,13
4735,11
4736,10
4737,10
4738,2
4739,7
4740,5
4741,4
4742,4
4743,2
4744,13
4745,4
4746,10
4747,10
4748,9
4749,5
4750,5
4751,10
4752,0
4753,10
4754,2
4755,3
4756,0
4757,7
4758,11
4759,9
4760,8
4761,3
4762,15
4763,3
4764,10
4765,8
4766,16
4767,13
4768,4
4769,14
4770,5
4771,9
4772,1
4773,9
4774,3
4775,13
4776,8
4777,15
4778,9
4779,14
4780,5
4781,2
4782,7
4783,8
4784,2
4785,8
4786,14
4787,9
4788,5
4789,9
4790,9
4791,16
4792,12
4793,8
4794,10
4795,14
4796,11
4797,10
4798,12
4799,3
4800,7
4801,5
4802,12
4803,7
4804,17
4805,12
4806,10
4807,8
4808,10
4809,14
4810,11
4811,2
4812,10
4813,6
4814,12
4815,11
4816,1
4817,7
4818,8
4819,13
4820,15
4821,12
4822,16
4823,5
4824,12
4825,6
4826,15
4827,14
4828,6
4829,17
4830,10
4831,10
4832,12
4833,16
4834,7
4835,8
4836,11
4837,8
4838,5
4839,9
4840,11
4841,10
4842,10
4843,6
4844,14
4845,7
4846,8
4847,5
4848,12
4849,8
4850,8
4851,12
4852,7
4853,9
4854,9
4855,11
4856,6
4857,4
4858,2
4859,9
4860,3
4861,12
4862,6
4863,16
4864,14
4865,6
4866,5
4867,1
4868,7
4869,6
4870,7
4871,6
4872,10
4873,7
4874,11
4875,10
4876,17
4877,2
4878,10
4879,12
4880,1
4881,1
4882,11
4883,9
4884,3
4885,9
4886,11
4887,4
4888,5
4889,10
4890,7
4891,1
4892,13
4893,15
4894,10
4895,12
4896,9
4897,7
4898,7
4899,7
4900,7
4901,12
4902,8
4903,8
4904,16
4905,12
4906,9
4907,10
4908,12
4909,12
4910,9
4911,5
4912,10
4913,11
4914,9
4915,6
4916,5
4917,9
4918,5
4919,9
4920,10
4921,9
4922,2
4923,1
4924,13
4925,6
4926,3
4927,11
4928,8
4929,17
4930,7
4931,8
4932,7
4933,8
4934,5
4935,8
4936,5
4937,3
4938,5
4939,8
4940,5
4941,9
4942,12
4943,16
4944,10
4945,6
4946,11
4947,2
4948,6
4949,10
4950,11
4951,8
4952,10
4953,7
4954,10
4955,7
4956,10
4957,15
4958,2
4959,11
4960,11
4961,8
4962,10
4963,7
4964,12
4965,6
4966,15
4967,8
4968,9
4969,6
4970,8
4971,6
4972,13
4973,3
4974,10
4975,8
4976,9
4977,10
4978,12
4979,6
4980,12
4981,12
4982,9
4983,8
4984,8
4985,11
4986,7
4987,11
4988,16
4989,9
4990,13
4991,9
4992,10
4993,13
4994,12
4995,1
4996,0
4997,16
4998,6
4999,9
5000,7
5001,8
5002,10
5003,9
5004,7
5005,9
5006,13
5007,9
5008,16
5009,9
5010,1
5011,15
5012,7
5013,9
5014,3
5015,8
5016,11
5017,1
5018,11
5019,9
5020,0
5021,11
5022,5
5023,14
5024,8
5025,8
5026,12
5027,1
5028,7
5029,7
5030,15
5031,15
5032,10
5033,6
5034,7
5035,9
5036,12
5037,4
5038,2
5039,10
5040,6
5041,10
5042,8
5043,9
5044,15
5045,6
5046,12
5047,0
5048,8
5049,4
5050,5
5051,12
5052,11
5053,4
5054,1
5055,8
5056,7
5057,5
5058,5
5059,7
5060,13
5061,18
5062,12
5063,5
5064,12
5065,6
5066,2
5067,13
5068,7
5069,10
5070,12
5071,15
5072,4
5073,0
5074,5
5075,10
5076,5
5077,1
5078,11
5079,15
5080,10
5081,3
5082,10
5083,8
5084,16
5085,1
5086,14
5087,15
5088,6
5089,7
5090,11
5091,16
5092,16
5093,7
5094,8
5095,12
5096,9
5097,15
5098,10
5099,7
5100,9
5101,12
5102,5
5103,3
5104,11
5105,6
5106,9
5107,10
5108,12
5109,8
5110,11
5111,8
5112,9
5113,11
5114,13
5115,8
5116,14
5117,9
5118,8
5119,16
5120,11
5121,9
5122,6
5123,0
5124,2
5125,0
5126,8
5127,3
5128,13
5129,8
5130,11
5131,9
5132,6
5133,7
5134,7
5135,12
5136,1
5137,8
5138,9
5139,8
5140,4
5141,13
5142,9
5143,8
5144,8
5145,1
5146,3
5147,5
5148,11
5149,12
5150,8
5151,12
5152,8
5153,12
5154,12
5155,4
5156,14
5157,13
5158,5
5159,10
5160,11
5161,15
5162,13
5163,8
5164,9
5165,13
5166,8
5167,7
5168,11
5169,4
5170,3
5171,10
5172,12
5173,11
5174,12
5175,12
5176,10
5177,8
5178,8
5179,10
5180,8
5181,6
5182,5
5183,12
5184,3
5185,8
5186,9
5187,10
5188,8
5189,1
5190,1
5191,10
5192,5
5193,9
5194,18
5195,6
5196,6
5197,4
5198,5
5199,10
5200,7
5201,10
5202,6
5203,6
5204,13
5205,3
5206,10
5207,12
5208,9
5209,8
5210,9
5211,6
5212,6
5213,11
5214,9
5215,12
5216,10
5217,18
5218,6
5219,3
5220,3
5221,2
5222,12
5223,11
5224,13
5225,6
5226,10
5227,16
5228,10
5229,8
5230,15
5231,8
5232,6
5233,12
5234,15
5235,10
5236,7
5237,6
5238,16
5239,8
5240,2
5241,9
5242,13
5243,9
5244,12
5245,10
5246,12
5247,16
5248,10
5249,5
5250,1
5251,11
5252,8
5253,14
5254,11
5255,8
5256,8
5257,14
5258,15
5259,10
5260,12
5261,13
5262,14
5263,11
5264,7
5265,10
5266,9
5267,11
5268,2
5269,2
5270,9
5271,11
5272,4
5273,15
5274,7
5275,10
5276,11
5277,16
5278,7
5279,10
5280,13
5281,9
5282,7
5283,4
5284,7
5285,9
5286,11
5287,10
5288,11
5289,14
5290,7
5291,6
5292,5
5293,2
5294,10
5295,1
5296,9
5297,15
5298,4
5299,14
5300,8
5301,2
5302,9
5303,9
5304,17
5305,13
5306,13
5307,15
5308,7
5309,4
5310,13
5311,2
5312,3
5313,6
5314,6
5315,13
5316,2
5317,1
5318,12
5319,10
5320,9
5321,10
5322,1
5323,8
5324,11
5325,12
5326,12
5327,8
5328,9
5329,8
5330,6
5331,16
5332,7
5333,7
5334,9
5335,6
5336,5
5337,9
5338,8
5339,13
5340,3
5341,7
5342,4
5343,4
5344,13
5345,8
5346,3
5347,10
5348,11
5349,12
5350,10
5351,7
5352,8
5353,15
5354,13
5355,8
5356,10
5357,9
5358,9
5359,10
5360,10
5361,16
5362,8
5363,13
5364,14
5365,13
5366,9
5367,16
5368,6
5369,10
5370,12
5371,4
5372,9
5373,10
5374,12
5375,8
5376,10
5377,10
5378,11
5379,3
5380,9
5381,11
5382,14
5383,15
5384,12
5385,11
5386,12
5387,5
5388,12
5389,10
5390,14
5391,8
5392,13
5393,6
5394,7
5395,5
5396,8
5397,10
5398,4
5399,4
5400,6
5401,3
5402,13
5403,13
5404,7
5405,12
5406,12
5407,7
5408,9
5409,8
5410,11
5411,14
5412,15
5413,8
5414,3
5415,5
5416,8
5417,15
5418,16
5419,1
5420,10
5421,10
5422,4
5423,12
5424,9
5425,16
5426,8
5427,11
5428,2
5429,2
5430,4
5431,3
5432,8
5433,4
5434,5
5435,10
5436,7
5437,12
5438,9
5439,12
5440,9
5441,10
5442,9
5443,12
5444,3
5445,7
5446,7
5447,16
5448,5
5449,9
5450,6
5451,8
5452,7
5453,10
5454,5
5455,5
5456,13
5457,9
5458,5
5459,1
5460,12
5461,10
5462,12
5463,5
5464,11
5465,6
5466,8
5467,11
5468,3
5469,14
5470,4
5471,8
5472,12
5473,11
5474,17
5475,5
5476,8
5477,8
5478,15
5479,13
5480,10
5481,6
5482,14
5483,3
5484,8
5485,7
5486,12
5487,7
5488,11
5489,8
5490,11
5491,7
5492,11
5493,10
5494,11
5495,8
5496,2
5497,10
5498,6
5499,9
5500,3
5501,10
5502,6
5503,7
5504,10
5505,13
5506,6
5507,5
5508,10
5509,12
5510,15
5511,6
5512,3
5513,14
5514,12
5515,5
5516,12
5517,11
5518,5
5519,13
5520,10
5521,9
5522,12
5523,8
5524,13
5525,13
5526,7
5527,8
5528,15
5529,13
5530,12
5531,6
5532,15
5533,7
5534,11
5535,10
5536,7
5537,8
5538,6
5539,9
5540,7
5541,14
5542,5
5543,14
5544,10
5545,10
5546,11
5547,11
5548,8
5549,9
5550,8
5551,2
5552,7
5553,6
5554,11
5555,4
5556,9
5557,7
5558,6
5559,7
5560,8
5561,9
5562,5
5563,15
5564,11
5565,12
5566,11
5567,6
5568,7
5569,10
5570,8
5571,4
5572,10
5573,9
5574,10
5575,7
5576,1
5577,10
5578,8
5579,11
5580,11
5581,7
5582,4
5583,4
5584,8
5585,11
5586,5
5587,10
5588,8
5589,6
5590,10
5591,7
5592,8
5593,7
5594,9
5595,18
5596,7
5597,11
5598,16
5599,6
5600,12
5601,7
5602,8
5603,10
5604,8
5605,4
5606,14
5607,10
5608,3
5609,14
5610,9
5611,11
5612,5
5613,16
5614,12
5615,6
5616,7
5617,16
5618,6
5619,9
5620,11
5621,1
5622,9
5623,10
5624,0
5625,8
5626,7
5627,7
5628,13
5629,10
5630,9
5631,8
5632,8
5633,6
5634,6
5635,13
5636,5
5637,6
5638,6
5639,6
5640,11
5641,13
5642,12
5643,7
5644,7
5645,5
5646,7
5647,5
5648,12
5649,13
5650,16
5651,4
5652,11
5653,15
5654,14
5655,10
5656,10
5657,12
5658,16
5659,13
5660,10
5661,8
5662,3
5663,4
5664,16
5665,14
5666,7
5667,9
5668,9
5669,12
5670,6
5671,12
5672,9
5673,15
5674,6
5675,12
5676,14
5677,16
5678,8
5679,9
5680,8
5681,9
5682,1
5683,8
5684,14
5685,9
5686,9
5687,8
5688,9
5689,6
5690,13
5691,7
5692,4
5693,10
5694,10
5695,3
5696,8
5697,2
5698,11
5699,16
5700,8
5701,8
5702,8
5703,9
5704,6
5705,8
5706,7
5707,5
5708,8
5709,2
5710,1
5711,6
5712,9
5713,10
5714,12
5715,9
5716,11
5717,14
5718,16
5719,6
5720,11
5721,9
5722,10
5723,5
5724,8
5725,9
5726,11
5727,15
5728,7
5729,10
5730,6
5731,6
5732,1
5733,9
5734,11
5735,12
5736,4
5737,11
5738,9
5739,12
5740,17
5741,10
5742,7
5743,12
5744,8
5745,16
5746,11
5747,4
5748,9
5749,13
5750,8
5751,11
5752,0
5753,7
5754,8
5755,10
5756,12
5757,4
5758,7
5759,9
5760,9
5761,3
5762,7
5763,11
5764,9
5765,11
5766,9
5767,14
5768,9
5769,9
5770,6
5771,9
5772,12
5773,4
5774,9
5775,3
5776,12
5777,6
5778,2
5779,11
5780,11
5781,8
5782,9
5783,13
5784,10
5785,10
5786,6
5787,12
5788,8
5789,11
5790,7
5791,6
5792,9
5793,11
5794,9
5795,4
5796,11
5797,2
5798,13
5799,9
5800,10
5801,1
5802,6
5803,6
5804,11
5805,5
5806,0
5807,4
5808,13
5809,8
5810,10
5811,3
5812,11
5813,5
5814,1
5815,8
5816,6
5817,8
5818,12
5819,7
5820,12
5821,13
5822,9
5823,14
5824,11
5825,15
5826,10
5827,2
5828,9
5829,7
5830,11
5831,7
5832,11
5833,3
5834,7
5835,12
5836,14
5837,11
5838,6
5839,4
5840,6
5841,3
5842,7
5843,1
5844,9
5845,8
5846,10
5847,7
5848,9
5849,5
5850,2
5851,4
5852,3
5853,5
5854,9
5855,6
5856,8
5857,11
5858,4
5859,8
5860,3
5861,11
5862,6
5863,12
5864,11
5865,7
5866,7
5867,12
5868,3
5869,4
5870,9
5871,6
5872,16
5873,10
5874,10
5875,7
5876,8
5877,8
5878,3
5879,5
5880,2
5881,10
5882,12
5883,15
5884,15
5885,7
5886,9
5887,12
5888,10
5889,11
5890,5
5891,12
5892,3
5893,11
5894,8
5895,13
5896,9
5897,9
5898,4
5899,5
5900,10
5901,8
5902,13
5903,6
5904,6
5905,4
5906,13
5907,11
5908,11
5909,10
5910,10
5911,1
5912,11
5913,3
5914,11
5915,3
5916,9
5917,7
5918,16
5919,12
5920,15
5921,12
5922,9
5923,17
5924,4
5925,7
5926,7
5927,11
5928,8
5929,8
5930,3
5931,2
5932,1
5933,8
5934,10
5935,13
5936,13
5937,12
5938,11
5939,7
5940,4
5941,9
5942,7
5943,1
5944,7
5945,5
5946,7
5947,13
5948,10
5949,9
5950,5
5951,3
5952,9
5953,9
5954,13
5955,11
5956,16
5957,11
5958,12
5959,7
5960,8
5961,6
5962,6
5963,6
5964,11
5965,9
5966,9
5967,12
5968,4
5969,10
5970,10
5971,9
5972,10
5973,4
5974,6
5975,10
5976,9
5977,10
5978,2
5979,15
5980,10
5981,5
5982,7
5983,11
5984,7
5985,11
5986,10
5987,12
5988,13
5989,3
5990,4
5991,7
5992,7
5993,13
5994,14
5995,11
5996,12
5997,15
5998,14
5999,0
6000,9
6001,9
6002,6
6003,2
6004,10
6005,6
6006,10
6007,10
6008,7
6009,9
6010,10
6011,12
6012,1
6013,6
6014,3
6015,9
6016,13
6017,11
6018,11
6019,9
6020,12
6021,9
6022,11
6023,7
6024,1
6025,6
6026,9
6027,8
6028,4
6029,11
6030,7
6031,4
6032,13
6033,4
6034,4
6035,8
6036,9
6037,2
6038,13
6039,6
6040,2
6041,6
6042,6
6043,12
6044,13
6045,11
6046,13
6047,18
6048,13
6049,10
6050,5
6051,8
6052,6
6053,9
6054,9
6055,6
6056,10
6057,13
6058,10
6059,8
6060,11
6061,7
6062,5
6063,8
6064,15
6065,11
6066,9
6067,0
6068,15
6069,11
6070,13
6071,10
6072,12
6073,11
6074,10
6075,7
6076,7
6077,11
6078,8
6079,7
6080,10
6081,13
6082,6
6083,5
6084,8
6085,14
6086,6
6087,12
6088,15
6089,9
6090,9
6091,8
6092,9
6093,5
6094,8
6095,7
6096,11
6097,10
6098,9
6099,15
6100,7
6101,10
6102,5
6103,13
6104,10
6105,11
6106,5
6107,6
6108,7
6109,4
6110,5
6111,12
6112,7
6113,2
6114,7
6115,5
6116,17
6117,7
6118,9
6119,9
6120,9
6121,1
6122,9
6123,8
6124,5
6125,7
6126,11
6127,6
6128,8
6129,7
6130,1
6131,10
6132,11
6133,6
6134,5
6135,15
6136,9
6137,12
6138,13
6139,3
6140,18
6141,7
6142,7
6143,4
6144,12
6145,12
6146,15
6147,12
6148,15
6149,10
6150,5
6151,5
6152,11
6153,8
6154,4
6155,8
6156,9
6157,13
6158,11
6159,14
6160,5
6161,5
6162,6
6163,10
6164,15
6165,9
6166,12
6167,10
6168,10
6169,12
6170,10
6171,6
6172,5
6173,1
6174,6
6175,10
6176,3
6177,12
6178,8
6179,13
6180,3
6181,7
6182,7
6183,7
6184,9
6185,3
6186,10
6187,16
6188,9
6189,4
6190,9
6191,15
6192,3
6193,2
6194,15
6195,12
6196,9
6197,16
6198,3
6199,7
6200,5
6201,2
6202,10
6203,13
6204,9
6205,11
6206,5
6207,14
6208,6
6209,8
6210,16
6211,9
6212,2
6213,2
6214,10
6215,7
6216,9
6217,7
6218,6
6219,12
6220,6
6221,5
6222,4
6223,6
6224,13
6225,4
6226,7
6227,15
6228,10
6229,4
6230,3
6231,6
6232,7
6233,17
6234,14
6235,9
6236,8
6237,3
6238,9
6239,10
6240,12
6241,5
6242,10
6243,13
6244,11
6245,2
6246,12
6247,10
6248,9
6249,5
6250,4
6251,5
6252,9
6253,7
6254,4
6255,12
6256,10
6257,6
6258,6
6259,9
6260,0
6261,14
6262,13
6263,9
6264,13
6265,15
6266,13
6267,9
6268,15
6269,7
6270,8
6271,6
6272,10
6273,7
6274,15
6275,2
6276,5
6277,4
6278,4
6279,11
6280,6
6281,9
6282,5
6283,9
6284,10
6285,0
6286,7
6287,12
6288,8
6289,4
6290,7
6291,8
6292,11
6293,5
6294,11
6295,13
6296,7
6297,7
6298,10
6299,16
6300,11
6301,14
6302,5
6303,10
6304,15
6305,10
6306,9
6307,9
6308,8
6309,13
6310,18
6311,11
6312,7
6313,8
6314,9
6315,10
6316,7
6317,6
6318,12
6319,7
6320,5
6321,5
6322,6
6323,12
6324,8
6325,13
6326,12
6327,14
6328,12
6329,8
6330,10
6331,5
6332,15
6333,5
6334,3
6335,6
6336,1
6337,7
6338,2
6339,12
6340,13
6341,12
6342,6
6343,10
6344,9
6345,14
6346,11
6347,2
6348,8
6349,8
6350,13
6351,14
6352,10
6353,10
6354,17
6355,1
6356,5
6357,9
6358,7
6359,16
6360,6
6361,18
6362,9
6363,9
6364,6
6365,5
6366,11
6367,5
6368,6
6369,5
6370,10
6371,14
6372,11
6373,0
6374,10
6375,8
6376,10
6377,5
6378,9
6379,9
6380,8
6381,11
6382,3
6383,12
6384,15
6385,13
6386,5
6387,11
6388,7
6389,8
6390,7
6391,9
6392,11
6393,17
6394,10
6395,9
6396,6
6397,13
6398,1
6399,13
6400,11
6401,6
6402,8
6403,10
6404,1
6405,8
6406,13
6407,11
6408,6
6409,1
6410,15
6411,12
6412,9
6413,6
6414,8
6415,18
6416,2
6417,6
6418,6
6419,12
6420,4
6421,1
6422,5
6423,5
6424,6
6425,16
6426,3
6427,14
6428,12
6429,15
6430,2
6431,5
6432,4
6433,0
6434,8
6435,15
6436,7
6437,10
6438,11
6439,3
6440,6
6441,11
6442,9
6443,6
6444,5
6445,13
6446,6
6447,11
6448,13
6449,5
6450,7
6451,11
6452,9
6453,10
6454,10
6455,10
6456,2
6457,12
6458,8
6459,3
6460,10
6461,11
6462,7
6463,5
6464,9
6465,13
6466,13
6467,9
6468,9
6469,14
6470,13
6471,7
6472,8
6473,4
6474,10
6475,10
6476,13
6477,17
6478,3
6479,13
6480,7
6481,15
6482,7
6483,7
6484,2
6485,13
6486,9
6487,4
6488,15
6489,12
6490,6
6491,11
6492,8
6493,8
6494,6
6495,9
6496,11
6497,1
6498,10
6499,8
6500,10
6501,7
6502,14
6503,4
6504,5
6505,14
6506,10
6507,4
6508,7
6509,11
6510,8
6511,1
6512,12
6513,11
6514,5
6515,6
6516,7
6517,6
6518,14
6519,6
6520,7
6521,14
6522,9
6523,9
6524,4
6525,16
6526,10
6527,7
6528,11
6529,9
6530,5
6531,5
6532,11
6533,9
6534,6
6535,3
6536,16
6537,3
6538,4
6539,6
6540,8
6541,7
6542,11
6543,9
6544,0
6545,1
6546,7
6547,6
6548,8
6549,10
6550,7
6551,9
6552,7
6553,4
6554,11
6555,8
6556,6
6557,12
6558,5
6559,12
6560,5
6561,1
6562,13
6563,0
6564,16
6565,10
6566,6
6567,8
6568,9
6569,0
6570,5
6571,10
6572,7
6573,8
6574,0
6575,12
6576,4
6577,10
6578,11
6579,9
6580,10
6581,8
6582,14
6583,0
6584,6
6585,4
6586,8
6587,7
6588,6
6589,11
6590,10
6591,6
6592,10
6593,6
6594,12
6595,10
6596,8
6597,10
6598,18
6599,13
6600,10
6601,5
6602,8
6603,12
6604,1
6605,6
6606,6
6607,7
6608,10
6609,13
6610,3
6611,11
6612,10
6613,6
6614,15
6615,8
6616,11
6617,2
6618,12
6619,11
6620,11
6621,14
6622,6
6623,7
6624,9
6625,5
6626,12
6627,9
6628,10
6629,9
6630,10
6631,6
6632,9
6633,11
6634,11
6635,11
6636,9
6637,4
6638,8
6639,7
6640,9
6641,4
6642,9
6643,8
6644,16
6645,13
6646,4
6647,7
6648,12
6649,10
6650,5
6651,6
6652,7
6653,12
6654,13
6655,14
6656,6
6657,6
6658,9
6659,12
6660,11
6661,6
6662,8
6663,12
6664,3
6665,4
6666,8
6667,6
6668,1
6669,13
6670,11
6671,10
6672,7
6673,9
6674,9
6675,12
6676,11
6677,3
6678,12
6679,4
6680,12
6681,11
6682,3
6683,9
6684,5
6685,1
6686,4
6687,8
6688,5
6689,3
6690,9
6691,16
6692,9
6693,10
6694,6
6695,6
6696,2
6697,6
6698,14
6699,10
6700,9
6701,9
6702,4
6703,7
6704,8
6705,4
6706,12
6707,9
6708,14
6709,8
6710,9
6711,11
6712,12
6713,14
6714,8
6715,7
6716,11
6717,11
6718,6
6719,8
6720,9
6721,11
6722,14
6723,0
6724,10
6725,12
6726,9
6727,2
6728,14
6729,4
6730,12
6731,7
6732,8
6733,9
6734,11
6735,15
6736,8
6737,6
6738,12
6739,7
6740,10
6741,7
6742,9
6743,9
6744,11
6745,4
6746,9
6747,5
6748,9
6749,10
6750,11
6751,11
6752,12
6753,1
6754,1
6755,3
6756,11
6757,13
6758,13
6759,8
6760,3
6761,12
6762,4
6763,6
6764,12
6765,13
6766,15
6767,14
6768,15
6769,4
6770,9
6771,14
6772,12
6773,5
6774,16
6775,5
6776,2
6777,15
6778,6
6779,11
6780,8
6781,10
6782,15
6783,6
6784,12
6785,5
6786,3
6787,3
6788,6
6789,11
6790,4
6791,0
6792,4
6793,7
6794,8
6795,11
6796,10
6797,13
6798,11
6799,5
6800,10
6801,9
6802,3
6803,4
6804,6
6805,9
6806,12
6807,8
6808,14
6809,5
6810,2
6811,13
6812,8
6813,17
6814,12
6815,4
6816,9
6817,12
6818,6
6819,8
6820,16
6821,11
6822,8
6823,7
6824,12
6825,10
6826,10
6827,1
6828,10
6829,6
6830,9
6831,10
6832,6
6833,2
6834,17
6835,2
6836,9
6837,3
6838,2
6839,8
6840,8
6841,4
6842,12
6843,7
6844,8
6845,14
6846,7
6847,9
6848,12
6849,2
6850,6
6851,13
6852,3
6853,10
6854,2
6855,8
6856,8
6857,7
6858,5
6859,3
6860,7
6861,9
6862,12
6863,7
6864,6
6865,5
6866,6
6867,11
6868,17
6869,15
6870,8
6871,11
6872,5
6873,5
6874,17
6875,5
6876,11
6877,3
6878,8
6879,9
6880,10
6881,7
6882,7
6883,11
6884,7
6885,10
6886,15
6887,9
6888,9
6889,6
6890,10
6891,9
6892,5
6893,11
6894,11
6895,3
6896,5
6897,9
6898,3
6899,9
6900,16
6901,10
6902,17
6903,12
6904,1
6905,6
6906,10
6907,11
6908,3
6909,14
6910,8
6911,9
6912,10
6913,12
6914,4
6915,5
6916,7
6917,5
6918,11
6919,8
6920,13
6921,5
6922,12
6923,11
6924,7
6925,9
6926,8
6927,13
6928,10
6929,1
6930,16
6931,2
6932,3
6933,8
6934,12
6935,8
6936,9
6937,10
6938,10
6939,12
6940,11
6941,0
6942,13
6943,10
6944,9
6945,7
6946,9
6947,4
6948,15
6949,11
6950,13
6951,7
6952,10
6953,13
6954,18
6955,11
6956,9
6957,11
6958,9
6959,13
6960,12
6961,11
6962,16
6963,9
6964,5
6965,16
6966,17
6967,11
6968,1
6969,8
6970,2
6971,7
6972,10
6973,8
6974,10
6975,9
6976,0
6977,11
6978,1
6979,16
6980,11
6981,11
6982,10
6983,6
6984,14
6985,10
6986,8
6987,11
6988,3
6989,2
6990,4
6991,9
6992,9
6993,1
6994,13
6995,7
6996,11
6997,15
6998,3
6999,3
7000,3
7001,12
7002,13
7003,10
7004,18
7005,8
7006,6
7007,13
7008,8
7009,10
7010,12
7011,9
7012,5
7013,12
7014,1
7015,12
7016,9
7017,8
7018,8
7019,3
7020,4
7021,11
7022,15
7023,9
7024,3
7025,3
7026,12
7027,6
7028,7
7029,8
7030,6
7031,10
7032,13
7033,15
7034,12
7035,8
7036,3
7037,10
7038,11
7039,7
7040,11
7041,9
7042,2
7043,9
7044,9
7045,8
7046,11
7047,10
7048,3
7049,4
7050,4
7051,13
7052,10
7053,8
7054,6
7055,6
7056,8
7057,3
7058,3
7059,10
7060,12
7061,8
7062,7
7063,9
7064,4
7065,1
7066,12
7067,6
7068,12
7069,10
7070,12
7071,5
7072,6
7073,4
7074,16
7075,9
7076,8
7077,12
7078,14
7079,5
7080,2
7081,12
7082,12
7083,8
7084,10
7085,7
7086,5
7087,10
7088,7
7089,2
7090,9
7091,8
7092,11
7093,17
7094,6
7095,8
7096,9
7097,1
7098,11
7099,9
7100,0
7101,11
7102,8
7103,3
7104,9
7105,12
7106,13
7107,5
7108,12
7109,9
7110,6
7111,11
7112,10
7113,16
7114,8
7115,9
7116,7
7117,14
7118,10
7119,10
7120,6
7121,0
7122,3
7123,6
7124,7
7125,4
7126,7
7127,6
7128,3
7129,8
7130,0
7131,8
7132,2
7133,4
7134,13
7135,12
7136,15
7137,4
7138,9
7139,1
7140,9
7141,13
7142,4
7143,10
7144,7
7145,5
7146,13
7147,12
7148,6
7149,7
7150,15
7151,11
7152,10
7153,8
7154,0
7155,14
7156,11
7157,4
7158,6
7159,9
7160,6
7161,3
7162,8
7163,6
7164,2
7165,11
7166,4
7167,8
7168,11
7169,12
7170,9
7171,11
7172,9
7173,10
7174,3
7175,10
7176,3
7177,13
7178,9
7179,7
7180,8
7181,5
7182,6
7183,10
7184,8
7185,13
7186,1
7187,0
7188,10
7189,5
7190,6
7191,16
7192,8
7193,13
7194,11
7195,5
7196,1
7197,13
7198,9
7199,9
7200,8
7201,9
7202,13
7203,10
7204,9
7205,14
7206,12
7207,8
7208,4
7209,17
7210,9
7211,12
7212,8
7213,7
7214,3
7215,1
7216,13
7217,13
7218,12
7219,9
7220,17
7221,14
7222,7
7223,11
7224,14
7225,5
7226,12
7227,4
7228,7
7229,6
7230,12
7231,3
7232,11
7233,8
7234,2
7235,10
7236,12
7237,4
7238,10
7239,7
7240,6
7241,9
7242,10
7243,6
7244,8
7245,9
7246,6
7247,10
7248,9
7249,4
7250,3
7251,17
7252,15
7253,3
7254,7
7255,4
7256,14
7257,12
7258,2
7259,3
7260,2
7261,9
7262,3
7263,13
7264,9
7265,7
7266,13
7267,3
7268,3
7269,13
7270,12
7271,11
7272,12
7273,13
7274,16
7275,1
7276,7
7277,2
7278,1
7279,9
7280,9
7281,12
7282,13
7283,9
7284,2
7285,9
7286,9
7287,3
7288,2
7289,6
7290,16
7291,9
7292,16
7293,2
7294,8
7295,14
7296,12
7297,10
7298,6
7299,13
7300,8
7301,7
7302,14
7303,9
7304,14
7305,7
7306,12
7307,2
7308,15
7309,11
7310,7
7311,8
7312,5
7313,10
7314,13
7315,6
7316,14
7317,9
7318,9
7319,3
7320,9
7321,7
7322,8
7323,8
7324,13
7325,13
7326,7
7327,5
7328,9
7329,7
7330,12
7331,8
7332,13
7333,4
7334,0
7335,9
7336,8
7337,12
7338,10
7339,8
7340,15
7341,6
7342,8
7343,10
7344,5
7345,4
7346,9
7347,7
7348,11
7349,10
7350,13
7351,1
7352,13
7353,3
7354,13
7355,12
7356,14
7357,12
7358,14
7359,14
7360,12
7361,5
7362,8
7363,4
7364,10
7365,4
7366,5
7367,13
7368,5
7369,9
7370,12
7371,16
7372,11
7373,15
7374,4
7375,11
7376,10
7377,11
7378,15
7379,10
7380,12
7381,5
7382,5
7383,6
7384,4
7385,9
7386,6
7387,4
7388,11
7389,7
7390,11
7391,8
7392,15
7393,9
7394,6
7395,5
7396,6
7397,11
7398,15
7399,9
7400,5
7401,11
7402,3
7403,9
7404,13
7405,12
7406,9
7407,12
7408,8
7409,7
7410,10
7411,7
7412,11
7413,11
7414,7
7415,7
7416,11
7417,13
7418,2
7419,8
7420,11
7421,9
7422,8
7423,13
7424,13
7425,6
7426,7
7427,5
7428,3
7429,17
7430,7
7431,5
7432,9
7433,6
7434,3
7435,12
7436,12
7437,11
7438,11
7439,10
7440,10
7441,14
7442,3
7443,12
7444,10
7445,8
7446,10
7447,3
7448,6
7449,10
7450,7
7451,6
7452,8
7453,18
7454,8
7455,5
7456,6
7457,0
7458,2
7459,12
7460,9
7461,9
7462,10
7463,10
7464,13
7465,4
7466,9
7467,10
7468,10
7469,6
7470,8
7471,13
7472,1
7473,11
7474,8
7475,5
7476,2
7477,9
7478,12
7479,8
7480,10
7481,13
7482,1
7483,9
7484,12
7485,17
7486,10
7487,18
7488,10
7489,10
7490,9
7491,9
7492,7
7493,16
7494,7
7495,8
7496,3
7497,5
7498,11
7499,16
7500,7
7501,13
7502,1
7503,10
7504,11
7505,7
7506,14
7507,11
7508,10
7509,11
7510,11
7511,11
7512,15
7513,6
7514,12
7515,10
7516,2
7517,8
7518,9
7519,9
7520,13
7521,10
7522,4
7523,9
7524,14
7525,6
7526,2
7527,7
7528,8
7529,9
7530,9
7531,0
7532,13
7533,2
7534,17
7535,9
7536,13
7537,12
7538,17
7539,7
7540,10
7541,3
7542,6
7543,6
7544,10
7545,9
7546,9
7547,11
7548,15
7549,11
7550,9
7551,12
7552,11
7553,15
7554,9
7555,15
7556,11
7557,10
7558,4
7559,1
7560,13
7561,4
7562,9
7563,10
7564,12
7565,3
7566,6
7567,9
7568,9
7569,7
7570,10
7571,4
7572,4
7573,12
7574,10
7575,9
7576,8
7577,6
7578,7
7579,1
7580,4
7581,11
7582,9
7583,15
7584,3
7585,7
7586,10
7587,7
7588,9
7589,13
7590,10
7591,6
7592,7
7593,12
7594,6
7595,7
7596,10
7597,13
7598,17
7599,13
7600,15
7601,11
7602,5
7603,10
7604,8
7605,11
7606,11
7607,9
7608,12
7609,6
7610,7
7611,9
7612,11
7613,9
7614,11
7615,10
7616,8
7617,13
7618,11
7619,11
7620,9
7621,9
7622,12
7623,11
7624,18
7625,14
7626,2
7627,13
7628,7
7629,10
7630,11
7631,11
7632,14
7633,1
7634,10
7635,8
7636,10
7637,7
7638,8
7639,5
7640,9
7641,6
7642,7
7643,9
7644,7
7645,5
7646,10
7647,14
7648,6
7649,10
7650,9
7651,18
7652,5
7653,15
7654,10
7655,15
7656,13
7657,9
7658,11
7659,7
7660,13
7661,6
7662,5
7663,7
7664,12
7665,5
7666,9
7667,6
7668,13
7669,2
7670,8
7671,4
7672,6
7673,9
7674,3
7675,4
7676,9
7677,15
7678,11
7679,7
7680,10
7681,13
7682,6
7683,13
7684,10
7685,1
7686,9
7687,4
7688,10
7689,15
7690,1
7691,8
7692,9
7693,16
7694,9
7695,9
7696,14
7697,10
7698,8
7699,7
7700,2
7701,7
7702,12
7703,15
7704,15
7705,2
7706,5
7707,7
7708,12
7709,9
7710,11
7711,11
7712,3
7713,8
7714,9
7715,7
7716,12
7717,17
7718,15
7719,7
7720,11
7721,11
7722,11
7723,10
7724,11
7725,9
7726,14
7727,16
7728,1
7729,4
7730,10
7731,7
7732,0
7733,11
7734,10
7735,16
7736,7
7737,7
7738,10
7739,11
7740,11
7741,13
7742,1
7743,6
7744,13
7745,11
7746,13
7747,8
7748,5
7749,3
7750,3
7751,15
7752,11
7753,7
7754,8
7755,4
7756,6
7757,11
7758,9
7759,13
7760,10
7761,9
7762,10
7763,7
7764,13
7765,12
7766,6
7767,13
7768,13
7769,13
7770,4
7771,6
7772,11
7773,2
7774,8
7775,10
7776,7
7777,12
7778,12
7779,4
7780,4
7781,7
7782,7
7783,11
7784,1
7785,8
7786,5
7787,8
7788,8
7789,5
7790,15
7791,15
7792,12
7793,8
7794,9
7795,9
7796,1
7797,11
7798,5
7799,2
7800,3
7801,7
7802,14
7803,10
7804,10
7805,8
7806,7
7807,12
7808,7
7809,10
7810,8
7811,5
7812,14
7813,15
7814,9
7815,5
7816,12
7817,7
7818,13
7819,9
7820,8
7821,14
7822,8
7823,14
7824,17
7825,3
7826,9
7827,9
7828,6
7829,7
7830,6
7831,7
7832,5
7833,7
7834,8
7835,1
7836,10
7837,16
7838,12
7839,7
7840,3
7841,8
7842,10
7843,9
7844,12
7845,11
7846,1
7847,16
7848,11
7849,16
7850,10
7851,6
7852,11
7853,13
7854,5
7855,2
7856,11
7857,11
7858,7
7859,9
7860,3
7861,5
7862,13
7863,7
7864,8
7865,8
7866,1
7867,12
7868,5
7869,3
7870,9
7871,1
7872,5
7873,8
7874,7
7875,6
7876,9
7877,9
7878,8
7879,8
7880,11
7881,13
7882,9
7883,15
7884,8
7885,8
7886,11
7887,8
7888,11
7889,4
7890,9
7891,11
7892,12
7893,12
7894,12
7895,10
7896,13
7897,9
7898,12
7899,7
7900,13
7901,9
7902,9
7903,2
7904,3
7905,7
7906,16
7907,16
7908,13
7909,6
7910,12
7911,3
7912,13
7913,16
7914,7
7915,8
7916,10
7917,12
7918,9
7919,13
7920,8
7921,5
7922,11
7923,16
7924,3
7925,10
7926,8
7927,13
7928,11
7929,9
7930,1
7931,12
7932,12
7933,10
7934,9
7935,9
7936,9
7937,12
7938,14
7939,12
7940,6
7941,13
7942,12
7943,3
7944,10
7945,3
7946,1
7947,11
7948,12
7949,4
7950,5
7951,16
7952,12
7953,13
7954,15
7955,12
7956,4
7957,9
7958,9
7959,9
7960,11
7961,1
7962,13
7963,6
7964,12
7965,11
7966,9
7967,1
7968,8
7969,10
7970,16
7971,5
7972,8
7973,1
7974,10
7975,13
7976,6
7977,9
7978,12
7979,16
7980,8
7981,8
7982,5
7983,9
7984,8
7985,9
7986,8
7987,10
7988,9
7989,9
7990,11
7991,11
7992,11
7993,10
7994,11
7995,8
7996,5
7997,3
7998,9
7999,11
8000,9
8001,16
8002,9
8003,12
8004,11
8005,13
8006,6
8007,7
8008,10
8009,7
8010,12
8011,10
8012,14
8013,2
8014,5
8015,7
8016,15
8017,10
8018,4
8019,9
8020,1
8021,15
8022,16
8023,3
8024,10
8025,11
8026,10
8027,8
8028,13
8029,10
8030,9
8031,2
8032,10
8033,5
8034,6
8035,2
8036,2
8037,6
8038,10
8039,12
8040,12
8041,10
8042,11
8043,5
8044,3
8045,12
8046,8
8047,8
8048,9
8049,11
8050,9
8051,6
8052,10
8053,13
8054,6
8055,3
8056,4
8057,13
8058,11
8059,15
8060,10
8061,6
8062,13
8063,3
8064,8
8065,8
8066,12
8067,10
8068,6
8069,8
8070,10
8071,15
8072,16
8073,9
8074,11
8075,12
8076,14
8077,12
8078,12
8079,12
8080,9
8081,4
8082,14
8083,11
8084,10
8085,5
8086,6
8087,11
8088,9
8089,6
8090,11
8091,14
8092,8
8093,8
8094,17
8095,10
8096,0
8097,13
8098,11
8099,9
8100,9
8101,1
8102,3
8103,6
8104,12
8105,15
8106,16
8107,6
8108,6
8109,1
8110,7
8111,8
8112,9
8113,12
8114,9
8115,6
8116,10
8117,10
8118,16
8119,11
8120,3
8121,12
8122,9
8123,0
8124,11
8125,5
8126,5
8127,9
8128,8
8129,9
8130,14
8131,8
8132,6
8133,7
8134,3
8135,12
8136,1
8137,16
8138,11
8139,14
8140,7
8141,16
8142,9
8143,5
8144,12
8145,10
8146,9
8147,2
8148,10
8149,6
8150,14
8151,11
8152,8
8153,7
8154,10
8155,7
8156,8
8157,4
8158,14
8159,11
8160,7
8161,9
8162,13
8163,9
8164,9
8165,12
8166,4
8167,10
8168,10
8169,11
8170,12
8171,3
8172,5
8173,1
8174,7
8175,14
8176,0
8177,7
8178,8
8179,11
8180,8
8181,8
8182,6
8183,15
8184,0
8185,5
8186,6
8187,15
8188,2
8189,8
8190,8
8191,5
8192,7
8193,9
8194,6
8195,10
8196,5
8197,6
8198,3
8199,10
8200,9
8201,4
8202,11
8203,3
8204,9
8205,5
8206,11
8207,7
8208,6
8209,11
8210,10
8211,9
8212,8
8213,7
8214,10
8215,13
8216,0
8217,7
8218,8
8219,9
8220,14
8221,0
8222,3
8223,7
8224,9
8225,12
8226,8
8227,7
8228,6
8229,14
8230,0
8231,10
8232,15
8233,5
8234,2
8235,11
8236,14
8237,3
8238,2
8239,10
8240,12
8241,13
8242,4
8243,5
8244,12
8245,7
8246,12
8247,8
8248,7
8249,7
8250,3
8251,13
8252,3
8253,10
8254,11
8255,2
8256,17
8257,6
8258,9
8259,2
8260,11
8261,7
8262,12
8263,12
8264,11
8265,12
8266,6
8267,12
8268,14
8269,10
8270,10
8271,7
8272,10
8273,3
8274,8
8275,10
8276,5
8277,12
8278,5
8279,13
8280,13
8281,1
8282,9
8283,16
8284,4
8285,6
8286,4
8287,12
8288,10
8289,6
8290,4
8291,7
8292,13
8293,5
8294,0
8295,10
8296,10
8297,5
8298,5
8299,9
8300,6
8301,11
8302,8
8303,9
8304,11
8305,1
8306,15
8307,5
8308,7
8309,9
8310,12
8311,9
8312,12
8313,8
8314,5
8315,10
8316,13
8317,6
8318,15
8319,5
8320,9
8321,11
8322,9
8323,8
8324,9
8325,13
8326,2
8327,14
8328,8
8329,9
8330,3
8331,7
8332,9
8333,10
8334,5
8335,10
8336,6
8337,4
8338,3
8339,9
8340,7
8341,9
8342,9
8343,9
8344,8
8345,7
8346,7
8347,12
8348,3
8349,10
8350,11
8351,7
8352,10
8353,9
8354,8
8355,12
8356,8
8357,10
8358,10
8359,8
8360,4
8361,7
8362,7
8363,9
8364,10
8365,8
8366,13
8367,9
8368,13
8369,4
8370,4
8371,3
8372,13
8373,16
8374,11
8375,8
8376,10
8377,13
8378,12
8379,9
8380,6
8381,8
8382,1
8383,0
8384,11
8385,11
8386,8
8387,11
8388,9
8389,2
8390,9
8391,12
8392,10
8393,5
8394,6
8395,6
8396,11
8397,15
8398,9
8399,9
8400,10
8401,13
8402,11
8403,10
8404,12
8405,6
8406,8
8407,16
8408,18
8409,9
8410,8
8411,8
8412,18
8413,2
8414,11
8415,7
8416,5
8417,9
8418,5
8419,9
8420,9
8421,15
8422,12
8423,7
8424,13
8425,7
8426,14
8427,11
8428,12
8429,10
8430,5
8431,12
8432,10
8433,6
8434,3
8435,17
8436,3
8437,6
8438,1
8439,12
8440,9
8441,7
8442,8
8443,12
8444,9
8445,10
8446,10
8447,7
8448,7
8449,9
8450,6
8451,10
8452,14
8453,7
8454,8
8455,4
8456,6
8457,10
8458,16
8459,8
8460,7
8461,10
8462,3
8463,14
8464,3
8465,1
8466,13
8467,1
8468,8
8469,14
8470,7
8471,12
8472,13
8473,3
8474,8
8475,7
8476,17
8477,11
8478,9
8479,6
8480,3
8481,13
8482,8
8483,12
8484,6
8485,2
8486,5
8487,7
8488,8
8489,1
8490,11
8491,4
8492,16
8493,12
8494,5
8495,9
8496,7
8497,7
8498,13
8499,2
8500,7
8501,0
8502,13
8503,9
8504,1
8505,4
8506,13
8507,9
8508,1
8509,14
8510,4
8511,2
8512,10
8513,12
8514,4
8515,15
8516,7
8517,8
8518,7
8519,11
8520,5
8521,9
8522,6
8523,5
8524,14
8525,7
8526,9
8527,13
8528,14
8529,10
8530,13
8531,5
8532,10
8533,12
8534,2
8535,11
8536,8
8537,9
8538,11
8539,9
8540,8
8541,8
8542,13
8543,12
8544,11
8545,11
8546,8
8547,2
8548,4
8549,9
8550,7
8551,9
8552,8
8553,8
8554,6
8555,10
8556,3
8557,9
8558,4
8559,11
8560,12
8561,3
8562,9
8563,8
8564,9
8565,15
8566,11
8567,16
8568,9
8569,7
8570,12
8571,11
8572,12
8573,12
8574,15
8575,6
8576,5
8577,10
8578,4
8579,8
8580,9
8581,6
8582,7
8583,4
8584,8
8585,6
8586,6
8587,5
8588,7
8589,9
8590,6
8591,3
8592,10
8593,17
8594,2
8595,13
8596,11
8597,10
8598,8
8599,4
8600,7
8601,5
8602,16
8603,7
8604,11
8605,14
8606,4
8607,11
8608,10
8609,12
8610,9
8611,11
8612,8
8613,2
8614,13
8615,4
8616,10
8617,10
8618,11
8619,15
8620,0
8621,17
8622,12
8623,10
8624,15
8625,4
8626,1
8627,6
8628,12
8629,8
8630,10
8631,13
8632,8
8633,3
8634,15
8635,13
8636,7
8637,10
8638,3
8639,6
8640,10
8641,7
8642,4
8643,11
8644,4
8645,7
8646,10
8647,6
8648,7
8649,5
8650,5
8651,8
8652,8
8653,13
8654,4
8655,11
8656,4
8657,11
8658,7
8659,9
8660,10
8661,7
8662,9
8663,2
8664,5
8665,15
8666,5
8667,5
8668,14
8669,11
8670,7
8671,8
8672,10
8673,9
8674,9
8675,6
8676,10
8677,6
8678,4
8679,5
8680,9
8681,10
8682,7
8683,4
8684,9
8685,10
8686,5
8687,10
8688,11
8689,8
8690,14
8691,9
8692,12
8693,10
8694,11
8695,12
8696,6
8697,8
8698,11
8699,9
8700,4
8701,0
8702,4
8703,8
8704,5
8705,5
8706,8
8707,9
8708,9
8709,10
8710,7
8711,6
8712,9
8713,11
8714,0
8715,10
8716,5
8717,15
8718,3
8719,12
8720,3
8721,7
8722,9
8723,4
8724,11
8725,8
8726,12
8727,15
8728,14
8729,12
8730,6
8731,3
8732,11
8733,12
8734,3
8735,3
8736,8
8737,11
8738,3
8739,12
8740,8
8741,9
8742,0
8743,5
8744,3
8745,9
8746,7
8747,15
8748,7
8749,9
8750,4
8751,8
8752,9
8753,10
8754,11
8755,10
8756,9
8757,9
8758,3
8759,3
8760,8
8761,10
8762,4
8763,3
8764,13
8765,7
8766,17
8767,11
8768,12
8769,9
8770,12
8771,4
8772,10
8773,7
8774,8
8775,12
8776,11
8777,8
8778,10
8779,4
8780,7
8781,10
8782,2
8783,6
8784,12
8785,11
8786,1
8787,6
8788,18
8789,11
8790,9
8791,9
8792,10
8793,11
8794,8
8795,10
8796,6
8797,13
8798,8
8799,11
8800,8
8801,2
8802,6
8803,5
8804,10
8805,7
8806,12
8807,5
8808,15
8809,8
8810,4
8811,8
8812,8
8813,6
8814,13
8815,7
8816,14
8817,11
8818,10
8819,4
8820,11
8821,9
8822,7
8823,8
8824,7
8825,6
8826,7
8827,5
8828,8
8829,10
8830,12
8831,9
8832,5
8833,11
8834,7
8835,7
8836,11
8837,11
8838,3
8839,10
8840,11
8841,8
8842,12
8843,4
8844,4
8845,7
8846,3
8847,15
8848,15
8849,12
8850,9
8851,6
8852,4
8853,10
8854,9
8855,2
8856,1
8857,11
8858,8
8859,1
8860,11
8861,6
8862,7
8863,12
8864,6
8865,3
8866,12
8867,5
8868,2
8869,4
8870,13
8871,15
8872,8
8873,12
8874,6
8875,3
8876,12
8877,8
8878,13
8879,9
8880,3
8881,0
8882,10
8883,7
8884,3
8885,5
8886,2
8887,8
8888,15
8889,8
8890,3
8891,11
8892,2
8893,10
8894,6
8895,13
8896,9
8897,3
8898,7
8899,12
8900,6
8901,6
8902,5
8903,9
8904,11
8905,10
8906,10
8907,11
8908,14
8909,11
8910,7
8911,9
8912,12
8913,11
8914,13
8915,10
8916,8
8917,1
8918,15
8919,16
8920,6
8921,5
8922,7
8923,7
8924,7
8925,4
8926,9
8927,8
8928,10
8929,12
8930,4
8931,11
8932,6
8933,16
8934,12
8935,8
8936,11
8937,12
8938,1
8939,3
8940,10
8941,9
8942,10
8943,10
8944,3
8945,3
8946,10
8947,7
8948,10
8949,14
8950,9
8951,1
8952,9
8953,5
8954,8
8955,7
8956,8
8957,8
8958,16
8959,14
8960,13
8961,5
8962,14
8963,9
8964,4
8965,14
8966,8
8967,11
8968,12
8969,4
8970,14
8971,9
8972,9
8973,12
8974,6
8975,10
8976,5
8977,9
8978,7
8979,5
8980,9
8981,15
8982,15
8983,5
8984,8
8985,13
8986,11
8987,14
8988,15
8989,1
8990,10
8991,3
8992,13
8993,12
8994,18
8995,12
8996,9
8997,10
8998,15
8999,8
9000,3
9001,5
9002,12
9003,5
9004,8
9005,5
9006,7
9007,5
9008,5
9009,13
9010,13
9011,11
9012,12
9013,13
9014,14
9015,5
9016,7
9017,8
9018,5
9019,9
9020,16
9021,11
9022,6
9023,7
9024,10
9025,9
9026,8
9027,11
9028,13
9029,4
9030,10
9031,15
9032,1
9033,11
9034,8
9035,13
9036,3
9037,7
9038,6
9039,13
9040,9
9041,12
9042,11
9043,11
9044,10
9045,16
9046,3
9047,10
9048,8
9049,6
9050,7
9051,10
9052,10
9053,17
9054,10
9055,11
9056,12
9057,10
9058,4
9059,6
9060,1
9061,5
9062,4
9063,10
9064,8
9065,9
9066,8
9067,12
9068,9
9069,9
9070,8
9071,11
9072,8
9073,9
9074,13
9075,1
9076,2
9077,2
9078,10
9079,10
9080,8
9081,14
9082,7
9083,11
9084,7
9085,11
9086,9
9087,12
9088,13
9089,7
9090,12
9091,2
9092,15
9093,12
9094,1
9095,3
9096,10
9097,16
9098,10
9099,9
9100,11
9101,13
9102,4
9103,12
9104,12
9105,11
9106,3
9107,9
9108,4
9109,9
9110,10
9111,8
9112,1
9113,7
9114,8
9115,7
9116,10
9117,6
9118,12
9119,9
9120,6
9121,8
9122,9
9123,15
9124,15
9125,6
9126,11
9127,14
9128,5
9129,7
9130,4
9131,4
9132,6
9133,16
9134,10
9135,2
9136,16
9137,9
9138,8
9139,4
9140,7
9141,10
9142,8
9143,12
9144,15
9145,8
9146,12
9147,10
9148,1
9149,9
9150,1
9151,3
9152,11
9153,17
9154,3
9155,16
9156,16
9157,3
9158,12
9159,3
9160,4
9161,4
9162,5
9163,13
9164,6
9165,9
9166,8
9167,10
9168,7
9169,1
9170,11
9171,15
9172,6
9173,4
9174,18
9175,9
9176,8
9177,7
9178,3
9179,4
9180,16
9181,8
9182,8
9183,3
9184,11
9185,9
9186,7
9187,10
9188,4
9189,7
9190,13
9191,10
9192,13
9193,7
9194,7
9195,10
9196,14
9197,8
9198,8
9199,12
9200,11
9201,10
9202,4
9203,13
9204,3
9205,11
9206,10
9207,8
9208,15
9209,15
9210,8
9211,13
9212,7
9213,9
9214,9
9215,13
9216,6
9217,14
9218,9
9219,3
9220,14
9221,9
9222,9
9223,18
9224,12
9225,11
9226,5
9227,5
9228,1
9229,3
9230,2
9231,5
9232,7
9233,15
9234,6
9235,4
9236,6
9237,3
9238,11
9239,14
9240,7
9241,9
9242,12
9243,9
9244,5
9245,3
9246,4
9247,11
9248,9
9249,5
9250,8
9251,2
9252,12
9253,8
9254,6
9255,9
9256,6
9257,12
9258,5
9259,4
9260,1
9261,11
9262,14
9263,8
9264,10
9265,7
9266,9
9267,4
9268,13
9269,5
9270,6
9271,9
9272,10
9273,8
9274,6
9275,12
9276,11
9277,13
9278,11
9279,8
9280,10
9281,11
9282,15
9283,11
9284,2
9285,8
9286,8
9287,9
9288,10
9289,7
9290,11
9291,5
9292,9
9293,11
9294,6
9295,3
9296,12
9297,16
9298,7
9299,15
9300,13
9301,4
9302,6
9303,4
9304,12
9305,8
9306,2
9307,7
9308,0
9309,2
9310,6
9311,8
9312,11
9313,9
9314,8
9315,12
9316,8
9317,15
9318,7
9319,7
9320,13
9321,11
9322,7
9323,10
9324,9
9325,14
9326,6
9327,10
9328,12
9329,4
9330,12
9331,10
9332,12
9333,7
9334,12
9335,9
9336,2
9337,15
9338,7
9339,10
9340,10
9341,9
9342,9
9343,3
9344,15
9345,2
9346,7
9347,10
9348,11
9349,4
9350,10
9351,7
9352,13
9353,11
9354,9
9355,12
9356,6
9357,7
9358,12
9359,9
9360,13
9361,3
9362,9
9363,5
9364,1
9365,13
9366,3
9367,9
9368,13
9369,8
9370,5
9371,12
9372,3
9373,5
9374,9
9375,11
9376,15
9377,3
9378,7
9379,9
9380,8
9381,12
9382,12
9383,7
9384,5
9385,9
9386,8
9387,10
9388,13
9389,13
9390,6
9391,7
9392,7
9393,12
9394,7
9395,7
9396,11
9397,2
9398,12
9399,11
9400,17
9401,10
9402,9
9403,11
9404,10
9405,6
9406,11
9407,12
9408,11
9409,4
9410,7
9411,6
9412,9
9413,9
9414,11
9415,3
9416,14
9417,10
9418,8
9419,8
9420,0
9421,10
9422,8
9423,12
9424,12
9425,13
9426,2
9427,9
9428,5
9429,12
9430,9
9431,10
9432,1
9433,10
9434,7
9435,5
9436,14
9437,11
9438,10
9439,3
9440,8
9441,11
9442,9
9443,10
9444,7
9445,2
9446,5
9447,12
9448,2
9449,7
9450,4
9451,13
9452,5
9453,10
9454,8
9455,10
9456,13
9457,1
9458,7
9459,6
9460,11
9461,9
9462,11
9463,10
9464,12
9465,14
9466,7
9467,12
9468,7
9469,15
9470,12
9471,12
9472,12
9473,8
9474,8
9475,5
9476,9
9477,13
9478,10
9479,9
9480,9
9481,9
9482,4
9483,2
9484,8
9485,16
9486,5
9487,5
9488,10
9489,2
9490,11
9491,6
9492,10
9493,9
9494,3
9495,12
9496,5
9497,12
9498,9
9499,0
9500,3
9501,12
9502,10
9503,13
9504,10
9505,6
9506,8
9507,3
9508,10
9509,11
9510,13
9511,3
9512,14
9513,8
9514,8
9515,7
9516,3
9517,4
9518,12
9519,15
9520,8
9521,6
9522,7
9523,10
9524,12
9525,10
9526,8
9527,2
9528,6
9529,4
9530,8
9531,4
9532,8
9533,4
9534,3
9535,16
9536,7
9537,8
9538,9
9539,9
9540,13
9541,16
9542,0
9543,11
9544,11
9545,9
9546,12
9547,0
9548,4
9549,10
9550,9
9551,8
9552,3
9553,4
9554,7
9555,9
9556,9
9557,12
9558,8
9559,7
9560,10
9561,7
9562,4
9563,15
9564,5
9565,13
9566,2
9567,7
9568,10
9569,9
9570,10
9571,10
9572,13
9573,5
9574,13
9575,12
9576,8
9577,15
9578,14
9579,12
9580,5
9581,10
9582,11
9583,10
9584,9
9585,15
9586,9
9587,13
9588,15
9589,14
9590,14
9591,3
9592,1
9593,8
9594,10
9595,7
9596,14
9597,9
9598,4
9599,11
9600,12
9601,9
9602,0
9603,10
9604,4
9605,16
9606,4
9607,7
9608,9
9609,4
9610,13
9611,4
9612,12
9613,11
9614,3
9615,3
9616,10
9617,8
9618,3
9619,0
9620,8
9621,5
9622,10
9623,9
9624,1
9625,9
9626,8
9627,10
9628,6
9629,3
9630,10
9631,4
9632,10
9633,9
9634,8
9635,10
9636,3
9637,16
9638,11
9639,4
9640,16
9641,9
9642,4
9643,12
9644,8
9645,12
9646,5
9647,4
9648,5
9649,4
9650,6
9651,7
9652,12
9653,6
9654,8
9655,8
9656,9
9657,1
9658,4
9659,9
9660,7
9661,9
9662,9
9663,13
9664,10
9665,12
9666,12
9667,12
9668,8
9669,5
9670,9
9671,8
9672,9
9673,15
9674,9
9675,9
9676,15
9677,11
9678,10
9679,3
9680,8
9681,8
9682,9
9683,10
9684,8
9685,8
9686,10
9687,5
9688,12
9689,11
9690,0
9691,8
9692,4
9693,7
9694,16
9695,12
9696,8
9697,5
9698,2
9699,12
9700,12
9701,8
9702,7
9703,8
9704,1
9705,7
9706,8
9707,1
9708,13
9709,15
9710,4
9711,8
9712,10
9713,9
9714,15
9715,7
9716,2
9717,6
9718,6
9719,18
9720,12
9721,9
9722,9
9723,2
9724,11
9725,12
9726,7
9727,11
9728,9
9729,18
9730,1
9731,12
9732,6
9733,3
9734,15
9735,8
9736,1
9737,15
9738,16
9739,12
9740,8
9741,9
9742,2
9743,3
9744,4
9745,15
9746,11
9747,3
9748,6
9749,13
9750,2
9751,12
9752,7
9753,3
9754,14
9755,16
9756,9
9757,12
9758,7
9759,6
9760,10
9761,7
9762,8
9763,7
9764,10
9765,3
9766,11
9767,15
9768,14
9769,15
9770,8
9771,5
9772,3
9773,14
9774,11
9775,3
9776,9
9777,3
9778,11
9779,8
9780,13
9781,10
9782,7
9783,16
9784,8
9785,11
9786,6
9787,9
9788,16
9789,12
9790,11
9791,12
9792,4
9793,6
9794,9
9795,1
9796,7
9797,9
9798,10
9799,11
9800,4
9801,12
9802,4
9803,6
9804,12
9805,4
9806,10
9807,9
9808,12
9809,8
9810,5
9811,16
9812,13
9813,2
9814,4
9815,10
9816,4
9817,13
9818,4
9819,6
9820,2
9821,6
9822,3
9823,0
9824,9
9825,7
9826,8
9827,6
9828,12
9829,16
9830,10
9831,4
9832,5
9833,5
9834,13
9835,12
9836,8
9837,10
9838,5
9839,12
9840,8
9841,9
9842,14
9843,7
9844,4
9845,5
9846,10
9847,3
9848,9
9849,10
9850,11
9851,7
9852,9
9853,5
9854,8
9855,9
9856,8
9857,8
9858,6
9859,10
9860,14
9861,5
9862,8
9863,9
9864,13
9865,8
9866,10
9867,15
9868,15
9869,12
9870,9
9871,1
9872,5
9873,13
9874,8
9875,5
9876,2
9877,6
9878,12
9879,9
9880,8
9881,3
9882,5
9883,9
9884,9
9885,14
9886,11
9887,13
9888,4
9889,8
9890,17
9891,10
9892,14
9893,7
9894,14
9895,7
9896,9
9897,10
9898,1
9899,6
9900,9
9901,6
9902,16
9903,11
9904,12
9905,7
9906,11
9907,9
9908,7
9909,3
9910,3
9911,11
9912,14
9913,9
9914,12
9915,11
9916,2
9917,10
9918,11
9919,10
9920,12
9921,10
9922,7
9923,13
9924,12
9925,3
9926,10
9927,12
9928,5
9929,12
9930,8
9931,9
9932,10
9933,6
9934,14
9935,16
9936,10
9937,12
9938,8
9939,8
9940,12
9941,11
9942,11
9943,12
9944,4
9945,12
9946,12
9947,7
9948,8
9949,2
9950,9
9951,7
9952,9
9953,6
9954,9
9955,9
9956,6
9957,10
9958,11
9959,9
9960,12
9961,4
9962,5
9963,7
9964,9
9965,9
9966,5
9967,8
9968,8
9969,7
9970,13
9971,4
9972,9
9973,10
9974,5
9975,5
9976,16
9977,7
9978,11
9979,9
9980,3
9981,6
9982,12
9983,3
9984,10
9985,17
9986,9
9987,10
9988,14
9989,7
9990,8
9991,3
9992,12
9993,2
9994,12
9995,7
9996,12
9997,10
9998,4
9999,6
